<?xml version="1.0" encoding="UTF-8"?>
<templates id="template" xml:space="preserve">
    <t t-extend="Orderline">
        <t t-jquery=".info-list" t-operation="after">
            <div t-if="line.ms_info and line.ms_info.created" class="ms_info">
                added by <t t-esc="line.ms_info.created.user.name"/> (<t t-esc="line.ms_info.created.pos.name"/>)
                <t t-if="line.ms_info.changed and line.ms_info.changed.pos.id != line.ms_info.created.pos.id">
                    , edited by <t t-esc="line.ms_info.changed.user.name"/>  (<t t-esc="line.ms_info.changed.pos.name"/>)
                </t>
            </div>
        </t>
    </t>
    <t t-extend="OrderSelectorWidget">
        <t t-jquery=".order-sequence" t-operation="append">
            <span t-if="order.ms_info and order.ms_info.created" class="ms_info"><t t-esc="order.ms_info.created.pos.name"/></span>
        </t>
    </t>
</templates>
