<?xml version="1.0" encoding="utf-8"?>
<openerp>
<data noupdate="0">
    <record model="ir.module.category" id="module_loyalty_management_security_category">
        <field name="name">Loyalty Management</field>
        <field name="description">Loyalty Management</field>
        <field name="sequence">20</field>
    </record>
    
    <record id="group_loyalty_management_user" model="res.groups">
        <field name="name">User</field>
        <field name="comment">User will have only read access to the Loyalty Management.</field>
        <field name="category_id" ref="module_loyalty_management_security_category"/>     
    </record>
    
    <record id="group_loyalty_management_manager" model="res.groups">
        <field name="name">Manager</field>
        <field name="comment">Full Access on Loyalty Management.</field>
        <field name="category_id" ref="module_loyalty_management_security_category"/>
        <field name="users" eval="[(4, ref('base.user_root'))]"/>
         <field name="implied_ids" eval="[(4, ref('group_loyalty_management_user'))]"/>
    </record>
</data>
</openerp>
