<?xml version="1.0" encoding="utf-8"?>
<openerp>
    <data noupdate="1">

        <record forcecreate="True" id="ir_cron_ptv_create_invoice" model="ir.cron">
            <field name="name">Create invoice from new order on PTV</field>
            <field eval="True" name="active"/>
            <field name="user_id" ref="base.user_root"/>
            <field name="interval_number">1</field>
            <field name="interval_type">minutes</field>
            <field name="numbercall">-1</field>
            <field eval="False" name="doall"/>
            <field eval="'pos.order'" name="model"/>
            <field eval="'cron_ncf_generate'" name="function"/>
            <field eval="'()'" name="args"/>
        </record>

    </data>
</openerp>