id,name,model_id:id,group_id:id,perm_read,perm_write,perm_create,perm_unlink
account_journal_ncf_cjc,ncf_cjc.account_journal,account.model_account_journal,ncf_cjc.cjc_group_user,1,1,0,0
statement_access_ncf_cjc,ncf_cjc.statement,account.model_account_bank_statement,ncf_cjc.cjc_group_user,1,1,0,0
statement_line_statement_access_ncf_cjc,ncf_cjc.statement_line,account.model_account_bank_statement_line,ncf_cjc.cjc_group_user,1,1,1,1
account_move_line_access_ncf_cjc,ncf_cjc.account_move_line,account.model_account_move_line,ncf_cjc.cjc_group_user,1,1,1,1
account_mode_access_ncf_cjc,ncf_cjc.account_move,account.model_account_move,ncf_cjc.cjc_group_user,1,1,1,1
account_account_type_access_ncf_cjc,ncf_cjc.account_account_type,account.model_account_account_type,ncf_cjc.cjc_group_user,1,1,1,1