<?xml version="1.0" encoding="utf-8"?>
<openerp>
    <data>
        <template id="SO_3_document" name="Retro Template">
            <!-- Multicompany -->
            <t t-if="doc and 'company_id' in doc">
                <t t-set="company" t-value="doc.company_id"></t>
            </t>
            <t t-if="not doc or not 'company_id' in doc">
                <t t-set="company" t-value="res_company"></t>
            </t>
            <div t-attf-style="padding-bottom:0px; padding-left:0px; padding-right:0px; color:{{doc.text_color}} !important;"
                 class="header col-xs-12">
                <div class="col-xs-7 pull-right"
                     style="padding-bottom:10px; text-align:right; padding-left:0px; padding-right:0px;">
                    <div t-if="doc.order_logo" style="width:100%; text-align:right; padding-bottom:8px;">
                        <span itemprop="image" t-field="doc.order_logo"
                              t-field-options='{"widget": "image", "style": "max-height:120px; display: inline-block;"}'/>
                    </div>
                    <div t-if="not doc.order_logo and company.invoice_logo"
                         style="width:100%; text-align:right;padding-bottom:8px;">
                        <span itemprop="image" t-field="company.invoice_logo"
                              t-field-options='{"widget": "image", "style": "max-height:120px; display: inline-block;"}'/>
                    </div>
                    <div t-if="not doc.order_logo and not company.invoice_logo and company.logo"
                         style="width:100%; text-align:right;padding-bottom:8px;">
                        <span itemprop="image" t-field="company.logo"
                              t-field-options='{"widget": "image", "style": "max-height:120px; display: inline-block;"}'/>
                    </div>
                    <div t-if="not doc.order_logo and not company.logo and not company.invoice_logo"
                         style="width:100%;text-align:right;padding-bottom:8px;">
                        <span itemprop="image" t-field="company.logo"
                              t-field-options='{"widget": "image", "style": "max-height:120px"; display: inline-block;}'/>
                    </div>
                    <div t-if="company.twitter or company.facebook or company.googleplus" t-attf-style="background-color:{{doc.theme_color}}; width:auto; float:right; padding-left:15px; color:{{doc.theme_txt_color}};
				   padding-right:15px; padding-top:2px; padding-bottom:2px;" class="pull-right">
                        <span t-if="company.twitter" style="padding-left:0px;" class="fa fa-twitter-square fa-lg"/>
                        &#160;
                        <span t-field="company.twitter"/>
                        <span t-if="company.facebook" style="padding-left:13px;" class="fa fa-facebook-square fa-lg"/>
                        &#160;
                        <span t-field="company.facebook"/>
                        <span t-if="company.googleplus" style="padding-left:13px;"
                              class="fa fa-google-plus-square fa-lg"/>&#160;
                        <span t-field="company.googleplus"/>
                    </div>
                </div>
                <div class="col-xs-5 mb8 pull-left" style="font-size:12px !important; padding-bottom:2px;">
                    <h4 t-field="company.name" t-attf-style="color:{{doc.name_color}}; margin-left:-15px;"/>
                    <div t-if="company.street or company.street2 or company.zip"><span class="fa fa-map-marker fa-lg"/>
                        &#160;&#160;
                        <span t-field="company.street"/>
                        <span t-if="company.street and company.street2">,</span>
                        <span t-field="company.street2"/>
                        <span t-if="company.zip and (company.street or company.street2)">,</span>
                        <!--<span t-if="company.zip">zip: </span>-->
                        <span t-field="company.zip"/>
                    </div>
                    <div t-if="company.city or company.country_id">
                        <span class="fa fa-map-marker fa-lg"/>
                        &#160;&#160;
                        <span t-field="company.city"/>
                        <span t-if="company.city and company.country_id">,</span>
                        <span t-field="company.country_id"/>
                    </div>
                    <div t-if="company.phone or company.fax"><span class="fa fa-phone-square fa-lg"/>&#160;
                        <span t-field="company.phone"/>
                        <span t-if="company.phone and company.fax">,</span>
                        <span t-if="company.fax">Fax:</span>
                        <span t-field="company.fax"/>
                    </div>
                    <div t-if="company.email">
                        <span class="fa fa-envelope-square fa-lg"/>&#160;
                        <span t-field="company.email"/>
                    </div>
                    <div t-if="company.website">
                        <span class="fa fa-globe fa-lg"/>&#160;
                        <span t-field="company.website"/>
                    </div>
                    <div t-if="company.vat">
                        <span class="fa fa-building fa-lg"/>&#160; Tax ID:
                        <span t-field="company.vat"/>
                    </div>
                </div>
            </div> <!--end of Header-->
            <!-- START OF PAGE -->
            <div class="page col-xs-12"
                 t-attf-style="margin-top:0px; padding-top:5px; padding-left:0px; padding-right:0px; color:{{doc.text_color}} !important;">
                <div class="col-xs-12" style="padding-left:0px; padding-right:0px; ">
                    <div t-attf-style="float:left; width:auto; max-width:100%; margin-top:0px;padding-top:0px;padding-left:15px;padding-right:15px;color:{{doc.theme_txt_color}} !important;background-color:{{doc.theme_color}} !important;">
                        <h1 style="margin-bottom:20px;">
                            <span t-if="doc.state not in ['draft','sent']">Order #</span>
                            <span t-if="doc.state in ['draft','sent']">Quotation #</span>
                            <span t-field="doc.name"/>

                        </h1>
                    </div>
                </div>

                <div class="col-xs-12"
                     style="padding-left:0px; padding-right:0px; padding-bottom:15px; padding-top:20px;"><!--start of wrapper -->
                    <div class="col-xs-6 pull-left" style="font-size:12px !important;">
                        <div class="pull-left" style="padding-top:5px; padding-bottom:0px; width:100%;">
                            <span t-if="doc.partner_shipping_id == doc.partner_invoice_id"
                                  style="font-size:14px; font-weight:bold;">
                                Invoicing &amp; Shipping Address:
                            </span>
                            <span t-if="doc.partner_shipping_id != doc.partner_invoice_id"
                                  style="font-size:14px; font-weight:bold;">
                                Invoicing Address:
                            </span>
                        </div>
                        <div class="pull-left" style="width:100%;">
                            <h4 t-if="doc.partner_id"
                                t-attf-style="color:{{doc.cust_color}}; margin-top:2px; margin-bottom:5px; margin-left:0px;">
                                <span t-if="doc.partner_id.title" t-field="doc.partner_id.title"/>
                                <span t-field="doc.partner_id"/>
                            </h4>
                            <div t-if="doc.partner_id.street or doc.partner_id.street2 or doc.partner_id.zip">
                                <span class="fa fa-map-marker fa-lg"/>
                                &#160;&#160;
                                <span t-field="doc.partner_id.street"/>
                                <span t-if="doc.partner_id.street and doc.partner_id.street2 ">,</span>
                                <span t-field="doc.partner_id.street2"/>
                                <span t-if="doc.partner_id.zip and doc.partner_id.street or doc.partner_id.street2 ">,
                                </span>
                                <!--<span t-if="doc.partner_id.zip ">zip: </span>-->
                                <span t-field="doc.partner_id.zip"/>
                            </div>
                            <div t-if="doc.partner_id.city or doc.partner_id.country_id">
                                <span class="fa fa-map-marker fa-lg"/>
                                &#160;&#160;
                                <span t-field="doc.partner_id.city"/>
                                <span t-if="doc.partner_id.country_id and doc.partner_id.city ">,</span>
                                <span t-field="doc.partner_id.country_id"/>
                            </div>
                            <div t-if="doc.partner_id.phone or doc.partner_id.mobile">
                                <span class="fa fa-phone-square fa-lg"/>
                                <span t-field="doc.partner_id.phone"/>
                                <span t-if="doc.partner_id.mobile and doc.partner_id.phone ">,</span>
                                <span t-field="doc.partner_id.mobile"/>
                            </div>
                            <div t-if="doc.partner_id.email">
                                <span class="fa fa-envelope-square fa-lg"/>
                                <span t-field="doc.partner_id.email"/>
                            </div>
                            <div t-if="doc.partner_id.website">
                                <span class="fa fa-globe fa-lg"/>
                                <span t-field="doc.partner_id.website"/>
                            </div>
                            <div t-if="doc.partner_id.vat">
                                <span class="fa fa-calendar fa-lg"/>
                                VAT:
                                <span t-field="doc.partner_id.vat"/>
                            </div>
                        </div>
                    </div>
                    <div class="col-xs-6 pull-right" style="text-align:right;">
                        <t t-if="doc.partner_shipping_id != doc.partner_invoice_id">
                            <span style="font-size:14px; font-weight:bold;">Shipping Address:</span>
                            <div t-field="doc.partner_shipping_id"
                                 t-field-options='{"widget": "contact", "fields": ["address", "name", "phone", "fax"], 					"no_marker": true, "phone_icons": true}'/>
                        </t>
                    </div>

                </div> <!--end of wrapper2-->
                <div class="col-xs-12 mt8 mb8" t-attf-style="padding-left:0px; padding-right:0px;">
                    <div t-if="doc.client_order_ref" class="col-xs-3">
                        <strong>Your Reference:</strong>
                        <p t-field="doc.client_order_ref"/>
                    </div>
                    <div t-if="doc.date_order" class="col-xs-3">
                        <strong t-if="doc.state not in ['draft','sent']">Date Ordered:</strong>
                        <strong t-if="doc.state in ['draft','sent']">Quotation Date:</strong>
                        <p t-field="doc.date_order"/>
                    </div>
                    <div t-if="doc.user_id.name" class="col-xs-3">
                        <strong>Salesperson:</strong>
                        <p t-field="doc.user_id"/>
                    </div>
                    <div name="payment_term" t-if="doc.payment_term_id" class="col-xs-3">
                        <strong>Payment Term:</strong>
                        <p t-field="doc.payment_term_id"/>
                    </div>

                </div>
                <!-- Is there a discount on at least one line? -->
                <t t-set="display_discount" t-value="any([l.discount for l in doc.order_line])"/>

                <div class="col-xs-12 mt8 mb8" t-attf-style="padding-left:0px; padding-right:0px;"> <!--start of DATA-->
                    <table class="table  table-condensed" t-attf-style="color:{{doc.text_color}};">
                        <thead t-attf-style="background-color:{{doc.theme_color}}; page-break-inside: avoid; color:{{doc.theme_txt_color}};">
                            <tr t-attf-style="page-break-inside: avoid !important; border-bottom: 1px solid {{doc.text_color}} !important;">
                                <th t-attf-style="border-bottom: 1px solid {{doc.text_color}} !important;">#</th>
                                <th t-attf-style="border-bottom: 1px solid {{doc.text_color}} !important;">Description
                                </th>
                                <th class="text-right"
                                    t-attf-style="border-bottom: 1px solid {{doc.text_color}} !important;">Quantity
                                </th>
                                <th class="text-right"
                                    t-attf-style="border-bottom: 1px solid {{doc.text_color}} !important;">Unit Price
                                </th>
                                <th class="text-right"
                                    t-attf-style="border-bottom: 1px solid {{doc.text_color}} !important;"
                                    groups="sale.group_discount_per_so_line">Discount(%)
                                </th>
                                <th class="text-right"
                                    t-attf-style="border-bottom: 1px solid {{doc.text_color}} !important;">Taxes
                                </th>
                                <th class="text-right"
                                    t-attf-style="border-bottom: 1px solid {{doc.text_color}} !important;">Price
                                </th>
                            </tr>
                        </thead>
                        <tbody>
                            <t t-foreach="doc.order_line" t-as="l">
                                <tr t-if="l.product_uom_qty" t-attf-style="background-color:{{doc.odd if l_parity in 'odd' else doc.even}};
					page-break-inside: avoid !important;">
                                    <td>
                                        <span t-esc="l_index + 1"/>
                                    </td>
                                    <td>
                                        <span t-field="l.name"/>
                                    </td>
                                    <td class="text-right">
                                        <span t-field="l.product_uom_qty"/>
                                        <span t-field="l.product_uom" groups="product.group_uom"/>
                                    </td>
                                    <td class="text-right">
                                        <span t-field="l.price_unit"/>
                                    </td>
                                    <td t-if="display_discount" class="text-right"
                                        groups="sale.group_discount_per_so_line">
                                        <span t-field="l.discount"/>
                                    </td>
                                    <td class="text-right">
                                        <span t-esc="l.price_tax"/>
                                    </td>
                                    <td class="text-right">
                                        <span t-field="l.price_subtotal"/>
                                    </td>
                                </tr>
                            </t>
                        </tbody>
                    </table>

                </div><!--End of DATA-->
                <div class="col-xs-12" style="padding-left:0px; padding-right:0px;">
                    <div class="col-xs-5 pull-right"
                         style="padding-left:0px; padding-right:0px; page-break-inside: avoid !important;">
                        <table class="table table-condensed" t-attf-style="color:{{doc.text_color}};">
                            <tbody>
                                <tr t-attf-style="border-top: 1px solid {{doc.text_color}};">
                                    <td t-attf-style="border-top: 1px solid {{doc.text_color}} !important;">
                                        <strong>Total Without Taxes</strong>
                                    </td>
                                    <td class="text-right"
                                        t-attf-style="border-top: 1px solid {{doc.text_color}} !important;">
                                        <span t-field="doc.amount_untaxed"/>
                                    </td>
                                </tr>
                                <tr>
                                    <td>Taxes</td>
                                    <td class="text-right">
                                        <span t-field="doc.amount_tax"/>
                                    </td>
                                </tr>
                                <tr t-attf-style="border-bottom: 1px solid {{doc.text_color}};">
                                    <td t-attf-style="border-top: 1px solid {{doc.text_color}} !important;">
                                        <strong>Total</strong>
                                    </td>
                                    <td class="text-right"
                                        t-attf-style="border-top: 1px solid {{doc.text_color}} !important;">
                                        <strong>
                                            <span style="font-weight:bold; text-decoration:underline;"
                                                  t-field="doc.amount_total"/>
                                        </strong>
                                    </td>
                                </tr>
                            </tbody>
                        </table>
                    </div>
                </div>
                <div class="col-xs-12 pull-left"
                     style="padding-left:0px; padding-right:0px; page-break-inside: avoid ! important;">
                    <p t-if="doc.note">
                        <span t-field="doc.note"/>
                    </p>
                    <p t-if="doc.payment_term_id.note">
                        <span t-field="doc.payment_term_id.note"/>
                    </p>
                    <p id="fiscal_position_remark" t-if="doc.fiscal_position_id.note and doc.fiscal_position_id">
                        <strong>Fiscal Position Remark:</strong>
                        <span t-field="doc.fiscal_position_id.note"/>
                    </p>
                    <p>
                    </p>
                </div>
            </div><!--End of PAGE-->
            <div class="footer col-xs-12"
                 t-attf-style="color:{{doc.text_color}} !important; padding-left:0px; padding-right:0px;">
                <div class="text-center" t-attf-style="border-top: 1px solid {{doc.text_color}};">
                    <ul t-if="not company.custom_footer" class="list-inline">
                        <li t-if="company.phone">
                            <span class="fa fa-phone-square fa-lg"/>
                            <span t-field="company.phone"/>
                        </li>
                        <li t-if="company.fax and company.phone">&amp;bull;</li>
                        <li t-if="company.fax">
                            <span class="fa fa-phone-square fa-lg"/>
                            <span t-field="company.fax"/>
                        </li>
                        <li t-if="company.email">&amp;bull;</li>
                        <li t-if="company.email">
                            <span class="fa fa-envelope-o fa-lg"/>
                            <span t-field="company.email"/>
                        </li>
                        <li t-if="company.website">&amp;bull;</li>
                        <li t-if="company.website">
                            <span class="fa fa-globe fa-lg"/>
                            <span t-field="company.website"/>
                        </li>
                    </ul>
                    <t t-if="company.custom_footer">
                        <span t-raw="company.rml_footer"/>
                    </t>

                    <ul class="list-inline">
                        <li>Page:</li>
                        <li>
                            <span class="page"/>
                        </li>
                        <li>/</li>
                        <li>
                            <span class="topage"/>
                        </li>
                    </ul>
                </div>
            </div><!--End of FOOTER-->
        </template>
    </data>
</openerp>
