<?xml version="1.0" encoding="utf-8"?>
<openerp>
    <data>
        <record id="view_sale_order_inherit_customized" model="ir.ui.view">
            <field name="name">sale.order.customized</field>
            <field name="model">sale.order</field>
            <field name="inherit_id" ref="sale.view_order_form"/>
            <field name="arch" type="xml">
                <xpath expr="//field[@name='validity_date']" position="after">
                    <field name="templ_id" groups="base.group_no_one"/>
                </xpath>
                <xpath expr="//notebook" position="inside">
                    <page string="Order Report Settings" groups="base.group_no_one">
                        <group>
                            <group>
                                <field name="order_logo" widget="image" class="oe_avatar"
                                       string="Order/Quotation Logo"/>
                                <field name="odd" widget="color"/>
                                <field name="even" widget="color"/>
                                <field name="text_color" widget="color"/>
                            </group>
                            <group>
                                <field name="theme_color" widget="color"/>
                                <field name="theme_txt_color" widget="color"/>
                                <field name="name_color" widget="color"/>
                                <field name="cust_color" widget="color"/>
                            </group>
                        </group>
                    </page>
                </xpath>
            </field>
        </record>
        <record id="sale.report_saleorder_document" model="ir.ui.view">
            <field name="name">Odoo Template</field>
        </record>
    </data>
</openerp>

