<?xml version="1.0" encoding="utf-8"?>
<openerp>
    <data>

        <!-- Inherit Form View to Modify it -->
        <record id="ncf_pos_pos_config_form" model="ir.ui.view">
            <field name="name">ncf_pos_pos_config_form</field>
            <field name="model">pos.config</field>
            <field name="inherit_id" ref="point_of_sale.view_pos_config_form"/>
            <field name="arch" type="xml">
                <field name="journal_id" position="after">
                    <field name="default_partner_id"/>
                    <field name="create_invoice_from_cron"/>
                </field>

                <field name="code" position="before">
                    <field name='sequence' widget='handle'/>
                </field>

                <field name="cash_control" position="before">
                    <field name="print_note"/>
                </field>

                <field name="picking_type_id" position="replace">
                    <field name="picking_type_id" widget="selection" groups="stock.group_locations"
                        on_change="onchange_picking_type_id(picking_type_id)" required="1"/>
                </field>

            </field>
        </record>

        <!-- Inherit Form View to Modify it -->
        <record id="ncf_pos.view_pos_pos_form" model="ir.ui.view">
            <field name="name">ncf_pos.view_pos_pos_form</field>
            <field name="model">pos.order</field>
            <field name="inherit_id" ref="point_of_sale.view_pos_pos_form"/>
            <field name="arch" type="xml">

                <xpath expr="//form" position="inside">
                    <div class="oe_chatter">
                        <field name="message_follower_ids" widget="mail_followers" groups="base.group_user"/>
                        <field name="message_ids" widget="mail_thread"/>
                    </div>
                </xpath>

                <xpath expr="//form//header" position="replace">
                    <header>
                        <button name="payment_wizard" string="Pagar" class="oe_highlight"
                                type="object" context="{'pos_session_id' : session_id}"
                                attrs="{'invisible': [('state','in',('invoiced','cancel','refund','refund_money', 'draft_refund'))]}"/>
                        <button name="action_invoice" string="Invoice" type="object" states="paid"
                                attrs="{'readonly': [('partner_id','=',False)]}"/>
                        <button name="%(pos_order_refund_action_wizard)d" string="Devolver Productos" type="action"
                                attrs="{'invisible':[('state','in',('draft','cancel','refund','refund_money','draft_refund_money','draft_refund'))]}"/>
                        <button name="%(pos_order_credito_note_action)d" type="action" string="Generar Nota de Crédito"
                                attrs="{'invisible': ['|',('origin','=',False),('state','in',('invoiced','cancel','refund','refund_money','draft_refund_money'))]}"
                                class="oe_highlight"/>
                        <button name="%(pos_order_cancel_action)d" type="action"
                                states="draft,draft_refund_money,draft_refund"
                                string="Cancelar Order"/>
                        <button name="%(point_of_sale.action_report_pos_receipt)d" string="Reprint" type="action"
                                states="paid,done,invoiced"/>
                        <field name="state" widget="statusbar" statusbar_visible="draft,invoiced"
                               statusbar_colors='{"cancel":"red"}'/>
                    </header>
                </xpath>

                <field name="session_id" position="replace"/>
                <field name="partner_id" position="replace"/>
                <field name="fiscal_position_id" position="replace"/>
                <field name="invoice_id" position="replace"/>

                <field name="note" position="after">
                    <group>
                        <field name="cancel_refund_info" attrs="{'invisible':[('cancel_refund_info','=',False)]}"
                               widget="many2many_tags" readonly="1"/>
                    </group>
                </field>

                <field name="date_order" position="after">
                    <field name="partner_id" domain="[('customer', '=', True)]" context="{'search_default_customer':1}"
                           attrs="{'readonly': [('state','=','invoiced')]}"/>
                    <field name="session_id" readonly="1"/>
                    <field name="fiscal_position_id" options="{'no_create': True}"/>
                    <field name="invoice_id" readonly="1" attrs="{'invisible':[('invoice_id','=',False)]}"/>
                    <field name="origin" readonly="1" attrs="{'invisible':[('origin','=',False)]}"/>
                </field>

                <xpath expr="//page[2]" position="inside">
                    <group>
                        <field name="credit" attrs="{'invisible': [('credit','&lt;',0)]}"/>
                    </group>
                </xpath>

                <field name="product_id" position="after">
                    <field name="note"/>
                </field>

                <field name="discount" position="after">
                    <field name="tax_ids" invisible="1"/>
                </field>

            </field>
        </record>


        <!-- Inherit Form View to Modify it -->
        <record id="ncf_pos.res_users_form_preference_view" model="ir.ui.view">
            <field name="name">ncf_pos.res_users_form_preference_view</field>
            <field name="model">res.users</field>
            <field name="inherit_id" ref="point_of_sale.res_users_form_preference_view"/>
            <field name="arch" type="xml">

                <field name="pos_config" position="after">
                    <field name="pos_security_pin" password="True" readonly="0"/>
                </field>

            </field>
        </record>

        <!-- Inherit Form View to Modify it -->
        <record id="ncf_pos.view_pos_session_form" model="ir.ui.view">
            <field name="name">ncf_pos.view_pos_session_form</field>
            <field name="model">pos.session</field>
            <field name="inherit_id" ref="point_of_sale.view_pos_session_form"/>
            <field name="arch" type="xml">

                <xpath expr="//form" position="inside">
                    <div class="oe_chatter">
                        <field name="message_follower_ids" widget="mail_followers" groups="base.group_user"/>
                        <field name="message_ids" widget="mail_thread"/>
                    </div>
                </xpath>

            </field>
        </record>

    </data>
</openerp>