<?xml version="1.0" encoding="UTF-8"?>

<templates id="template" xml:space="preserve">

    <t t-name="OrdersButtonWidget">
         <div class='control-button'>
            <i class='fa fa-search'/>Buscar orden
        </div>
    </t>

        <t t-name="OrdersScreenWidget">        
            <div class="clientlist-screen screen">
            <div class="screen-content">
                <section class="top-content">
                    <span class='button back'>
                        <i class='fa fa-angle-double-left'></i>
                        Cancel
                    </span>
                </section>
                <span class="searchbox">
                        <input placeholder="Search Orders" class="order_search"/>
                        <span class="search-clear"></span>
                    </span>
                <section class="full-content">
                    <div class='window'>
                        <section class='subwindow'>
                            <div class='subwindow-container'>
                                <div class='subwindow-container-fix touch-scrollable scrollable-y' style="background-color:Gray;overflow-y: scroll;max-height:550px;">
                                    <table class='client-list wk_order_list'>
                                        <thead>
                                            <tr>
                                                <th>NCF</th>
                                                <th>Customer</th>
                                                <th>Order Date</th>
                                                <th></th>
                                                <th></th>
                                                <th></th>
                                           </tr>
                                        </thead>
                                        <tbody class='wk-order-list-contents'>
                                        </tbody>
                                    </table>
                                </div>
                            </div>
                        </section>
                    </div>
                </section>
            </div>
        </div>
    </t>

    <t t-name="WkOrderLine">
        <tr class='wk-order-line' t-att-data-id='order.id'>
            <td><t t-esc='order.reserve_ncf_seq' /></td>
            <td><t t-esc="order.partner_id[0].name || '-'" /></td>
            <td><t t-esc='order.date_order' /></td>
            <td><span class="wk_reorder_content btn btn-primary" t-att-id='order.id'><i class="fa fa-copy fa-3x"></i> Copiar</span></td>
            <td><span class="wk_reprint_content btn btn-primary" t-att-id='order.id'><i class="fa fa-print fa-3x"></i> Reimprimir</span></td>
            <td><span class="wk_refund_content btn btn-default" t-att-id='order.id'><i class="fa fa-reply fa-3x"></i> Devolver</span></td>
        </tr>
    </t>

</templates>

    
