<?xml version="1.0" encoding="utf-8"?>
<openerp>
    <data>
        <record id="purchase_order_inherited_customized" model="ir.ui.view">
            <field name="name">PO CUSTOMIZED</field>
            <field name="model">purchase.order</field>
            <field name="inherit_id" ref="purchase.purchase_order_form"/>
            <field name="arch" type="xml">
                <xpath expr="//field[@name='date_order']" position="after">
                    <field name="templ_id" attrs="{'invisible': [('state','in',('draft','sent','bid'))]}"
                           groups="base.group_no_one"/>
                </xpath>
                <xpath expr="//notebook" position="inside">
                    <page string="PO &amp; RFQ Report Settings" groups="base.group_no_one">
                        <group>
                            <group>
                                <field name="po_logo" attrs="{'invisible': [('state','in',('draft','sent','bid'))]}"
                                       widget="image"
                                       class="oe_avatar" string="PO Logo"/>
                                <field name="odd" widget="color"/>
                                <field name="even" widget="color"/>
                                <field name="text_color" widget="color"/>
                            </group>
                            <group>
                                <field name="theme_color" widget="color"/>
                                <field name="theme_txt_color" widget="color"/>
                                <field name="name_color" widget="color"/>
                                <field name="cust_color" widget="color"/>
                            </group>
                        </group>
                    </page>
                </xpath>
            </field>
        </record>
        <record id="purchase.report_purchaseorder_document" model="ir.ui.view">
            <field name="name">Odoo Template</field>
        </record>
    </data>
</openerp>

