<?xml version="1.0" encoding="utf-8"?>
<openerp>
    <data>
        <template id="PO_4_document" name="TVA Template">
            <!-- Multicompany -->
            <t t-if="o and 'company_id' in o">
                <t t-set="company" t-value="o.company_id"></t>
            </t>
            <t t-if="not o or not 'company_id' in o">
                <t t-set="company" t-value="res_company"></t>
            </t>
            <div t-attf-style="padding-bottom:0px; padding-left:0px; padding-right:0px; color:{{o.text_color}} !important;"
                 class="header col-xs-12">
                <div class="col-xs-6 pull-left"
                     t-attf-style="height:155px; font-size:12px !important; padding-bottom:0px; border:1px solid {{o.text_color}}; border-bottom:1px solid #f9f9f9;">
                    <h4 t-attf-style="color:{{o.name_color}}; margin-left:-5px; margin-top:2px; margin-bottom:2px;">
                        Company Details:
                    </h4>
                    <div>
                        <span style="font-weight:bold;">Tax Number:</span>
                        <span t-field="company.vat"/>
                    </div>
                    <div>
                        <span style="font-weight:bold;">Name or Corporate name:</span>
                        <span t-field="company.name"/>
                    </div>
                    <div>
                        <span style="font-weight:bold;">Address:</span>
                        <span t-field="company.street"/>
                        <span t-if="company.street and company.street2">,</span>
                        <span t-field="company.street2"/>
                        <span t-if="company.zip and (company.street or company.street2)">,</span>
                        <span t-field="company.zip"/>
                    </div>
                    <div t-if="company.city or company.country_id">
                        <span t-field="company.city"/>
                        <span t-if="company.city and company.country_id">,</span>
                        <span t-field="company.country_id"/>
                    </div>
                    <div>
                        <span style="font-weight:bold;">Tel:</span>
                        <span t-field="company.phone"/>
                        <span t-if="company.phone and company.fax">,</span>
                        <span t-if="company.fax" style="font-weight:bold;">Fax:</span>
                        <span t-field="company.fax"/>
                    </div>
                    <div t-if="company.email">
                        <span style="font-weight:bold;">Email:</span>
                        <span t-field="company.email"/>
                    </div>
                    <div t-if="company.website">
                        <span style="font-weight:bold;">Website:</span>
                        <span t-field="company.website"/>
                    </div>
                </div>
                <div class="col-xs-5 pull-right"
                     t-attf-style="border: 1px solid {{o.text_color}}; color:{{o.text_color}};">
                    <strong>Date:</strong>
                    <span t-field="o.date_order"/>
                </div>
                <div class="col-xs-6 pull-right" style="text-align:right; padding-left:0px; padding-right:0px;">
                    <div t-if="o.po_logo" style="width:100%; text-align:right; padding-bottom:3px; padding-top:3px;">
                        <span itemprop="image" t-field="o.po_logo"
                              t-field-options='{"widget": "image", "style": "max-height:120px; display: inline-block;"}'/>
                    </div>
                    <div t-if="not o.po_logo and company.invoice_logo"
                         style="width:100%; text-align:right;padding-bottom:8px;padding-top:3px;">
                        <span itemprop="image" t-field="company.invoice_logo"
                              t-field-options='{"widget": "image", "style": "max-height:120px; display: inline-block;"}'/>
                    </div>
                    <div t-if="not o.po_logo and not company.invoice_logo and company.logo"
                         style="width:100%; text-align:right;padding-bottom:8px;padding-top:3px;">
                        <span itemprop="image" t-field="company.logo"
                              t-field-options='{"widget": "image", "style": "max-height:120px; display: inline-block;"}'/>
                    </div>
                    <div t-if="not o.po_logo and not company.logo and not company.invoice_logo"
                         style="width:100%;text-align:right;padding-bottom:8px;padding-top:3px;">
                        <span itemprop="image" t-field="company.logo"
                              t-field-options='{"widget": "image", "style": "max-height:120px"; display: inline-block;}'/>
                    </div>
                </div>
            </div> <!--end of Header-->
            <!-- START OF PAGE -->
            <div class="page col-xs-12"
                 t-attf-style="margin-top:0px; padding-top:0px; padding-left:0px; padding-right:0px; color:{{o.text_color}} !important;">
                <div class="col-xs-5 pull-right"
                     t-attf-style="font-size:12px !important; border: 1px solid {{o.text_color}};">
                    <h4 t-if="o.partner_id"
                        t-attf-style="color:{{o.cust_color}}; margin-top:2px; margin-bottom:5px; margin-left:0px;">
                        Supplier
                        Details:<!--<span t-if="o.partner_id.title" t-field="o.partner_id.title"/> <span t-field="o.partner_id"/> -->
                    </h4>
                    <div>
                        <span style="font-weight:bold;">Name:</span>
                        <span t-if="o.partner_id.title" t-field="o.partner_id.title"/>
                        <span t-field="o.partner_id"/>
                    </div>
                    <div>
                        <span style="font-weight:bold;">Address:</span>
                        <span t-field="o.partner_id.street"/>
                        <span t-if="o.partner_id.street and o.partner_id.street2 ">,</span>
                        <span t-field="o.partner_id.street2"/>
                        <span t-if="o.partner_id.zip and o.partner_id.street or o.partner_id.street2 ">,</span>
                        <span t-field="o.partner_id.zip"/>
                    </div>
                    <div t-if="o.partner_id.city or o.partner_id.country_id">
                        <span t-field="o.partner_id.city"/>
                        <span t-if="o.partner_id.country_id and o.partner_id.city ">,</span>
                        <span t-field="o.partner_id.country_id"/>
                    </div>
                    <div>
                        <span style="font-weight:bold;">Tel:</span>
                        <span t-field="o.partner_id.phone"/>
                        <span t-if="o.partner_id.mobile and o.partner_id.phone ">,</span>
                        <span t-field="o.partner_id.mobile"/>
                    </div>
                    <div t-if="o.partner_id.email">
                        <span style="font-weight:bold;">Email:</span>
                        <span t-field="o.partner_id.email"/>
                    </div>
                    <div t-if="o.partner_id.website">
                        <span style="font-weight:bold;">Website:</span>
                        <span t-field="o.partner_id.website"/>
                    </div>
                    <div t-if="o.partner_id.vat">
                        <span style="font-weight:bold;">VAT:</span>
                        <span t-field="o.partner_id.vat"/>
                    </div>
                </div>
                <div class="col-xs-6 pull-left"
                     style="height:80px; text-align:center; border:1px solid; border-top:0px;">
                    <span style="font-weight:bold; font-size:60px; color:#f9f9f9;">Stamp</span>
                </div>
                <div class="col-xs-6"
                     style="padding-left:0px; padding-right:0px; padding-top:5px; padding-bottom:0px; ">
                    <div t-attf-style="float:left; width:100%; margin-top:0px;padding-top:0px;padding-left:15px;padding-right:15px;
				color:{{o.text_color}} !important; border:1px solid {{o.text_color}}">
                        <h4 id="title" style="margin-bottom:10px;">
                            <span t-if="o.state != 'draft'">Purchase Order #</span>
                            <span t-if="o.state == 'draft'">Request for Quotation #</span>
                            <span t-field="o.name"/>
                        </h4>
                    </div>
                </div>
                <div class="col-xs-12" style="padding-top:8px; padding-bottom:8px;">
                    <div t-if="o.name" class="col-xs-4">
                        <strong>Our Order Reference:</strong>
                        <p t-field="o.name"/>
                    </div>
                    <div t-if="o.partner_ref" class="col-xs-4">
                        <strong>Your Order Reference</strong>
                        <p t-field="o.partner_ref"/>
                    </div>
                    <div t-if="o.date_order" class="col-xs-4">
                        <strong>Order Date:</strong>
                        <p t-field="o.date_order"/>
                    </div>
                </div>

                <div class="col-xs-12 mt8 mb8" t-attf-style="padding-left:0px; padding-right:0px;"> <!--start of DATA-->
                    <table class="table  table-condensed" t-attf-style="color:{{o.text_color}};">
                        <thead t-attf-style="background-color:{{o.theme_color}}; page-break-inside: avoid; color:{{o.theme_txt_color}};">
                            <tr t-attf-style="page-break-inside: avoid !important; border-bottom: 1px solid {{o.text_color}} !important;">
                                <th t-attf-style="border-bottom: 1px solid {{o.text_color}} !important;">#</th>
                                <th t-attf-style="border-bottom: 1px solid {{o.text_color}} !important;">Description
                                </th>
                                <th t-attf-style="border-bottom: 1px solid {{o.text_color}} !important;">Taxes</th>
                                <th class="text-center"
                                    t-attf-style="border-bottom: 1px solid {{o.text_color}} !important;">Date Req.
                                </th>
                                <th class="text-center"
                                    t-attf-style="border-bottom: 1px solid {{o.text_color}} !important;">Qty
                                </th>
                                <th class="text-right"
                                    t-attf-style="border-bottom: 1px solid {{o.text_color}} !important;">Unit Price
                                </th>
                                <th class="text-right"
                                    t-attf-style="border-bottom: 1px solid {{o.text_color}} !important;">Net Price
                                </th>
                            </tr>
                        </thead>
                        <tbody>
                            <t t-foreach="o.order_line" t-as="line">
                                <tr t-attf-style="background-color:{{o.odd if line_parity in 'odd' else o.even}}; page-break-inside: avoid !important;">
                                    <td>
                                        <span t-esc="line_index + 1"/>
                                    </td>
                                    <td>
                                        <span t-field="line.name"/>
                                    </td>
                                    <td>
                                        <span t-esc="', '.join(map(lambda x: x.name, line.taxes_id))"/>
                                    </td>
                                    <td class="text-center">
                                        <span t-field="line.date_planned"/>
                                    </td>
                                    <td class="text-right">
                                        <span t-field="line.product_qty"/>
                                        <span t-field="line.product_uom.name" groups="product.group_uom"/>
                                    </td>
                                    <td class="text-right">
                                        <span t-field="line.price_unit"/>
                                    </td>
                                    <td class="text-right">
                                        <span t-field="line.price_subtotal"
                                              t-field-options='{"widget": "monetary", "display_currency": "o.currency_id"}'/>
                                    </td>
                                </tr>
                            </t>
                        </tbody>
                    </table>

                </div><!--End of DATA-->
                <div class="col-xs-12" style="padding-left:0px; padding-right:0px;">
                    <div class="col-xs-12 pull-right"
                         style="padding-left:0px; padding-right:0px; page-break-inside: avoid !important;">
                        <table class="table table-condensed" t-attf-style="color:{{o.text_color}};">
                            <tbody>
                                <tr t-attf-style="border-top: 1px solid {{o.text_color}};">
                                    <td rowspan="4"
                                        t-attf-style="border:1px solid {{o.text_color}}; width:40%; text-align:center;">
                                        <strong>Shipping address:</strong>
                                        <div t-if="o.dest_address_id">
                                            <div t-field="o.dest_address_id"
                                                 t-field-options='{"widget": "contact", "fields": ["address", "name", "phone", "fax"], "no_marker": true,
							"phone_icons": true}'/>
                                        </div>

                                        <div t-if="not o.dest_address_id and o.picking_type_id and o.picking_type_id.warehouse_id">
                                            <span t-field="o.picking_type_id.warehouse_id.name"/>
                                            <div t-field="o.picking_type_id.warehouse_id.partner_id" t-field-options='{"widget": "contact", "fields":
					["address", "phone", "fax"], "no_marker": true, "phone_icons": true}'/>
                                        </div>

                                    </td>
                                    <td t-attf-style="border-top: 1px solid {{o.text_color}} !important;">
                                        <strong>Total Excluding Taxes</strong>
                                    </td>
                                    <td class="text-right"
                                        t-attf-style="border-top: 1px solid {{o.text_color}} !important;">
                                        <span t-field="o.amount_untaxed"/>
                                    </td>
                                </tr>
                                <tr>
                                    <td>Taxes</td>
                                    <td class="text-right">
                                        <span t-field="o.amount_tax"/>
                                    </td>
                                </tr>
                                <tr t-attf-style="border-bottom: 1px solid {{o.text_color}};">
                                    <td rowspan="3" t-attf-style="border-top: 1px solid {{o.text_color}} !important;">
                                        <strong>Total</strong>
                                    </td>
                                    <td rowspan="3" class="text-right"
                                        t-attf-style="border-top: 1px solid {{o.text_color}} !important;">
                                        <strong>
                                            <span style="font-weight:bold; text-decoration:underline;"
                                                  t-field="o.amount_total"/>
                                        </strong>
                                    </td>
                                </tr>
                            </tbody>
                        </table>
                    </div>
                </div>
                <div class="col-xs-12"
                     style="padding-left:0px; padding-right:0px; page-break-inside: avoid ! important;">
                    <div style="width:100%; height:60px; ">
                        Total amount in words:
                        <span style="color:#f0f0f0">
                            ____________________________________________________________________
                        </span>
                    </div>
                    <p t-field="o.notes"/>
                    <div class="oe_structure"/>
                </div>
            </div><!--End of PAGE-->
            <div class="footer col-xs-12"
                 t-attf-style="color:{{o.text_color}} !important; padding-left:0px; padding-right:0px;">
                <div class="text-center" t-attf-style="border-top: 1px solid {{o.text_color}};">
                    <ul t-if="not company.custom_footer" class="list-inline">
                        <li t-if="company.phone">
                            <span class="fa fa-phone-square fa-lg"/>
                            <span t-field="company.phone"/>
                        </li>
                        <li t-if="company.fax and company.phone">&amp;bull;</li>
                        <li t-if="company.fax">
                            <span class="fa fa-phone-square fa-lg"/>
                            <span t-field="company.fax"/>
                        </li>
                        <li t-if="company.email">&amp;bull;</li>
                        <li t-if="company.email">
                            <span class="fa fa-envelope-o fa-lg"/>
                            <span t-field="company.email"/>
                        </li>
                        <li t-if="company.website">&amp;bull;</li>
                        <li t-if="company.website">
                            <span class="fa fa-globe fa-lg"/>
                            <span t-field="company.website"/>
                        </li>
                    </ul>
                    <t t-if="company.custom_footer">
                        <span t-raw="company.rml_footer"/>
                    </t>

                    <ul class="list-inline">
                        <li>Page:</li>
                        <li>
                            <span class="page"/>
                        </li>
                        <li>/</li>
                        <li>
                            <span class="topage"/>
                        </li>
                    </ul>
                </div>
            </div><!--End of FOOTER-->
        </template>
    </data>
</openerp>
