<?xml version="1.0" encoding="utf-8"?>
<openerp>
  <data>
    <template id="PICK_1_document" name="Modern Template">
 <!-- Multicompany -->
                <t t-if="o and 'company_id' in o">
                    <t t-set="company" t-value="o.company_id"></t>
                </t>
                <t t-if="not o or not 'company_id' in o">
                    <t t-set="company" t-value="res_company"></t>
                </t>
                <div t-attf-style="padding-bottom:0px; padding-left:0px; padding-right:0px; color:{{o.text_color}} !important;" class="header col-xs-12">
                       <div class="col-xs-8" style="padding-bottom:10px;">
                         <span t-if="o.pk_logo">
			    <span itemprop="image" t-field="o.pk_logo" t-field-options='{"widget": "image", "style": "max-height:100px"}'/>
			 </span>
			 <span t-if="not o.pk_logo and company.invoice_logo">
			    <span itemprop="image" t-field="company.invoice_logo" t-field-options='{"widget": "image", "style": "max-height:100px"}'/>
			</span>
			 <span t-if="not o.pk_logo and not company.invoice_logo and company.logo">
			    <span itemprop="image" t-field="company.logo" t-field-options='{"widget": "image", "style": "max-height:100px"}'/>
			</span>
			 <span t-if="not o.pk_logo and not company.logo and not company.invoice_logo">
			    <span itemprop="image" t-field="company.logo" t-field-options='{"widget": "image", "style": "max-height:100px"}'/>
			</span>
                       </div>
                       <div class="col-xs-4 mb8 pull-right" style="font-size:12px !important; padding-bottom:2px;">
                            <h4 t-field="company.name" t-attf-style="color:{{o.name_color}}"/>
                            <div t-if="company.street or company.street2 or company.zip"><span class="fa fa-map-marker fa-lg"/>&#160;&#160;
                                        <span t-field="company.street"/> <span t-if="company.street and company.street2">, </span>
					<span t-field="company.street2"/><span t-if="company.zip and (company.street or company.street2)">, </span> 
					<!--<span t-if="company.zip">zip: </span>-->
					<span t-field="company.zip"/>
                            </div>
                            <div t-if="company.city or company.country_id"><span class="fa fa-map-marker fa-lg"/> &#160;&#160;
                                        <span t-field="company.city"/> <span t-if="company.city and company.country_id">, </span>
                                        <span t-field="company.country_id"/>
                            </div>
                            <div t-if="company.phone or company.fax"> <span class="fa fa-phone-square fa-lg"/>&#160;
                                        <span t-field="company.phone"/><span t-if="company.phone and company.fax">, </span>
					<span t-if="company.fax">Fax: </span> <span t-field="company.fax"/>
                            </div>
                            <div t-if="company.email">
                                        <span class="fa fa-envelope-square fa-lg"/>&#160;
                                        <span t-field="company.email"/>
                            </div>
                            <div t-if="company.website">
                                        <span class="fa fa-globe fa-lg"/>&#160;
                                        <span t-field="company.website"/>
                            </div>
                            <div t-if="company.vat">
                                        <span class="fa fa-building fa-lg"/>&#160; Tax ID:
                                        <span t-field="company.vat"/>
                            </div>
                       </div>
                <div t-attf-style="background-color:{{o.theme_color}}; width:auto; float:left; padding-left:15px; color:{{o.theme_txt_color}}; 
				   padding-right:15px; padding-top:2px; padding-bottom:2px;">
                      <span t-if="company.twitter" style="padding-left:0px;" class="fa fa-twitter-square fa-lg"/>&#160;<span t-field="company.twitter"/>
                      <span t-if="company.facebook" style="padding-left:13px;" class="fa fa-facebook-square fa-lg"/>&#160;<span t-field="company.facebook"/>
                      <span t-if="company.googleplus" style="padding-left:13px;" class="fa fa-google-plus-square fa-lg"/>&#160;<span t-field="company.googleplus" />
                  </div>
                </div> <!--end of Header-->
		<!-- START OF PAGE -->
               <div class="page col-xs-12" t-attf-style="margin-top:0px; padding-top:5px; padding-left:0px; padding-right:0px; color:{{o.text_color}} !important;">
                 <div class="col-xs-12" style="padding-left:0px; padding-right:0px;"><!--start of wrapper -->
		      <div class="col-xs-6 pull-left" style="padding-left:0px; padding-right:0px;">
                           <div  t-attf-style="background-color:{{o.theme_color}}; width:auto; float:left; padding-top:2px; padding-bottom:2px; 
					color:{{o.theme_txt_color}};">
                               <span style="font-size:16px; padding-left:5px; padding-right:5px;"><span class="fa fa-building fa-lg"/>&#160;
					<span t-if="o.picking_type_id.code=='outgoing' and o.partner_id">Customer Address</span>
					<span t-if="o.picking_type_id.code=='internal' and o.partner_id">Warehouse Address</span>
					<span t-if="o.picking_type_id.code=='incoming' and o.partner_id">Vendor Address</span>
			       </span>
                           </div>
		      </div>
		      <div class="col-xs-6 pull-right" style="padding-left:0px; padding-right:0px;">
                           <div  t-if="o.picking_type_id.code != 'internal' and (not o.move_lines or not o.move_lines[0].partner_id) and 
				o.picking_type_id.warehouse_id.partner_id" t-attf-style="background-color:{{o.theme_color}}; width:auto; float:right; 
				padding-top:2px; padding-bottom:2px; color:{{o.theme_txt_color}};">
					<span style="font-size:16px; padding-left:5px; padding-right:5px;">
					     <span>
						<span class="fa fa-building fa-lg"/> Warehouse Address
					     </span>
					</span>
  		           </div>
                           <div  t-if="o.move_lines and o.move_lines[0].partner_id and o.move_lines[0].partner_id.id != o.partner_id.id" 
				t-attf-style="background-color:{{o.theme_color}}; width:auto; float:right; padding-top:2px; padding-bottom:2px; 
				color:{{o.theme_txt_color}};">
					<span style="font-size:16px; padding-left:5px; padding-right:5px;">
					     <span>
						<span class="fa fa-truck fa-lg"/> Delivery Address
					     </span>
					</span>
  		           </div>
                      </div>
                 </div> <!--end of wrapper-->
                 <div class="col-xs-12" style="padding-left:0px; padding-right:0px;"><!--start of wrapper -->
                   <div class="col-xs-6 pull-left mt8" style="font-size:12px !important; padding-left:8px; padding-right:0px;">
                            <h4 t-if="o.partner_id" t-attf-style="color:{{o.cust_color}}; margin-top:5px; margin-bottom:5px; margin-left:0px;"> 
				<span t-if="o.partner_id.title" t-field="o.partner_id.title"/> <span t-field="o.partner_id"/>
			    </h4>
                            <div t-if="o.partner_id.street or o.partner_id.street2 or o.partner_id.zip"> 
				<span class="fa fa-map-marker fa-lg"/> &#160;&#160;<span t-field="o.partner_id.street"/>
				<span t-if="o.partner_id.street and o.partner_id.street2 ">, </span>
				<span t-field="o.partner_id.street2"/><span t-if="o.partner_id.zip and o.partner_id.street or o.partner_id.street2 ">, </span>
				<span t-field="o.partner_id.zip"/>
			    </div>
                            <div t-if="o.partner_id.city or o.partner_id.country_id">
				<span class="fa fa-map-marker fa-lg"/> &#160;&#160;<span t-field="o.partner_id.city"/>
				<span t-if="o.partner_id.country_id and o.partner_id.city ">, </span>
				<span t-field="o.partner_id.country_id"/>
			    </div>
                            <div t-if="o.partner_id.phone or o.partner_id.mobile"> 
				<span class="fa fa-phone-square fa-lg"/> <span t-field="o.partner_id.phone"/>
				<span t-if="o.partner_id.mobile and o.partner_id.phone ">, </span>
				<span t-field="o.partner_id.mobile"/>
			    </div>
                            <div t-if="o.partner_id.email"> <span class="fa fa-envelope-square fa-lg"/> <span t-field="o.partner_id.email"/></div>
                            <div t-if="o.partner_id.website"> <span class="fa fa-globe fa-lg"/> <span t-field="o.partner_id.website"/></div>
                            <div t-if="o.partner_id.vat"><span class="fa fa-file-text fa-lg"/> VAT: <span t-field="o.partner_id.vat"/></div>
                   </div>
		   <div class="col-xs-6 pull-right text-right" style="padding-left:0px; padding-right:8px;">
                              <div t-if="o.move_lines and o.move_lines[0].partner_id and o.move_lines[0].partner_id.id != o.partner_id.id">
                                  <div t-field="o.move_lines[0].partner_id" t-field-options='{"widget": "contact", "fields": ["address", "name", "phone", 
					"fax"], "no_marker": true, "phone_icons": true}'/>
                              </div>
                              <div t-if="o.picking_type_id.code != 'internal' and (not o.move_lines or not o.move_lines[0].partner_id) and 
					 o.picking_type_id.warehouse_id.partner_id">
                                        <div t-field="o.picking_type_id.warehouse_id.partner_id" t-field-options='{"widget": "contact", "fields": 
						["address", "name", "phone", "fax"], "no_marker": true, "phone_icons": true}'/>
                              </div>

                   </div>
                 </div> <!--end of wrapper-->
		  <div class="col-xs-12" style="padding:10px">
		   <p t-if="o.picking_type_id"><strong>Order (origin):</strong>	<span 
			t-field="o.picking_type_id"/></p>
		  </div>
                   <div class="col-xs-12 pull-right" t-attf-style="background-color:{{o.theme_color}}; color:{{o.theme_txt_color}};">
                           <h3>
  		                <span>Picking #</span>
                		<span t-field="o.name"/>
                           </h3>
                  <t t-set="div_style" t-value="'padding-left:8px; padding-right:8px; width:auto; 
                        float:left; margin-right:15px;'"></t>
			   <div t-if="o.min_date" t-attf-style="{{div_style}}">
                   		 <strong>Scheduled Date:</strong>
                    		<p t-field="o.min_date"/>
                	   </div>
			   <div t-if="o.date" t-attf-style="{{div_style}}">
                   		 <strong>Commitment Date:</strong>
                    		<p t-field="o.date"/>
                	   </div>
			   <div t-if="o.state" t-attf-style="{{div_style}}">
                   		 <strong>Status:</strong>
                    		<p t-field="o.state"/>
                	   </div>
			   <div id="div_sched_date" t-if="o.origin" t-attf-style="{{div_style}}">
                   		 <strong>Source Doc.:</strong>
                    		<p t-field="o.origin"/>
                	   </div>
                   </div>
		   <div  class="col-xs-12" style="padding:8px;"></div>

                 <div class="col-xs-12 mt8 mb8" t-attf-style="padding-left:0px; padding-right:0px;"> <!--start of DATA-->
                    <table t-if="o.pack_operation_ids" class="table  table-condensed" t-attf-style="color:{{o.text_color}};" >
                        <thead t-attf-style="background-color:{{o.theme_color}}; page-break-inside: avoid; color:{{o.theme_txt_color}};">
                            <tr t-attf-style="page-break-inside: avoid !important; border-bottom: 1px solid {{o.text_color}} !important;">
                                <th t-attf-style="border-bottom: 1px solid {{o.text_color}} !important;">#</th>
                                <th class="text-center" t-attf-style="border-bottom: 1px solid {{o.text_color}} !important;">Product</th>
                                <th class="text-right" t-attf-style="border-bottom: 1px solid {{o.text_color}} !important;">Quantity</th>
                                <th class="text-center" t-if="o.picking_type_id.code != 'incoming'" t-attf-style="border-bottom: 1px solid {{o.text_color}} !important;">
					Source</th>
                                <th class="text-center" t-attf-style="border-bottom: 1px solid {{o.text_color}} !important;">Barcode</th>
                                <th  t-if="o.picking_type_id.code != 'outgoing'" t-attf-style="border-bottom: 1px solid {{o.text_color}} !important;">
					Destination</th>
                            </tr>
                        </thead>
                        <tbody>
                          <t t-foreach="o.pack_operation_ids" t-as="pack_operation">
                             <tr t-attf-style="background-color:{{o.odd if pack_operation_parity in 'odd' else o.even}}; page-break-inside: avoid !important;">
                                <td><span t-esc="pack_operation_index + 1"/></td>
                               <td class="text-center">
                                    <span t-field="pack_operation.product_id"/>
				    <t t-if="not pack_operation.product_id and pack_operation.package_id">
					<span  t-field="pack_operation.package_id"/>
				    </t>
                               </td>
                               <td class="text-right">
				   <span t-field="pack_operation.product_qty"/> <span t-field="pack_operation.product_uom_id" groups="product.group_uom"/>
                               </td>
				<t t-if="o.picking_type_id.code != 'incoming'">
                                  <td class="text-center">
				      <span t-field="pack_operation.location_id"/>
                                      <span t-if="pack_operation.package_id">:</span>
                                      <span t-field="pack_operation.package_id"/>
                                  </td>
				</t>
                               <td class="text-center">
                                   <span t-if="pack_operation.product_id and pack_operation.product_id.barcode">
                                         <img t-att-src="'/report/barcode/?type=%s&amp;value=%s&amp;width=%s&amp;height=%s' % ('Code128', 
					pack_operation.product_id.barcode, 600, 100)" style="width:300px;height:50px"/>
                                        </span>
                                        <span t-if="pack_operation.package_id and not pack_operation.product_id">
                                            <img t-att-src="'/report/barcode/?type=%s&amp;value=%s&amp;width=%s&amp;height=%s' % ('Code128', 
					   pack_operation.package_id.name, 600, 100)" style="width:300px;height:50px"/>
                                        </span>
                                        <table class="table table-condensed" t-if="pack_operation.pack_lot_ids">
                                            <thead>
                                                <tr><th>Lot</th><th>Qty</th></tr>
                                            </thead>
                                            <tr t-foreach="pack_operation.pack_lot_ids" t-as="packlot">
                                                <td>
                                                    <span t-field="packlot.lot_id"/>
                                                    <t t-if="not packlot.lot_id">
                                                        <span t-field="packlot.lot_name"/>
                                                    </t>
                                                </td>
                                                <td>
                                                    <span t-field="packlot.qty"/> <t t-if="o.picking_type_id.use_existing_lots and o.state!='done'"> 
						/ <span t-field="packlot.qty_todo"/></t>
                                                </td>
                                            </tr>
                                        </table>
                               </td>
			       <t t-if="o.picking_type_id.code != 'outgoing'">
				  <td><span t-field="pack_operation.location_dest_id"/>
                                        <span t-if="pack_operation.result_package_id">:</span>
                                        <span t-field="pack_operation.result_package_id"/>
                                  </td>
			       </t>
                            </tr>
                          </t>
                        </tbody>
                    </table>
                            <p t-if="not o.pack_operation_ids">
                                You do not have any products reserved for this picking.  Please click the 'Reserve' button
                                to check if products are available.
                            </p>

<!-- END -->
                 </div><!--End of DATA-->
               </div><!--End of PAGE-->
               <div class="footer col-xs-12" t-attf-style="color:{{o.text_color}} !important; padding-left:0px; padding-right:0px;">
                 <div class="text-center" t-attf-style="border-top: 1px solid {{o.text_color}};">
                    <ul t-if="not company.custom_footer" class="list-inline">
                      <li t-if="company.phone"> <span class="fa fa-phone-square fa-lg"/> <span t-field="company.phone"/></li>
                      <li  t-if="company.fax and company.phone">&amp;bull;</li>
                      <li t-if="company.fax"><span class="fa fa-phone-square fa-lg"/> <span t-field="company.fax"/></li>
                      <li t-if="company.email">&amp;bull;</li>
                      <li t-if="company.email"><span class="fa fa-envelope-o fa-lg"/> <span t-field="company.email"/></li>
                      <li t-if="company.website">&amp;bull;</li>
                      <li t-if="company.website"><span class="fa fa-globe fa-lg"/> <span t-field="company.website"/></li>
                    </ul>
                    <t t-if="company.custom_footer">
                       <span t-raw="company.rml_footer"/>
                    </t>

                    <ul class="list-inline">
                      <li>Page:</li>
                      <li><span class="page"/></li>
                      <li>/</li>
                      <li><span class="topage"/></li>
                    </ul>
                 </div>
               </div><!--End of FOOTER-->
    </template>
</data>
</openerp>
