<?xml version="1.0" encoding="utf-8"?>
<openerp>
    <data>
        <record id="picking_slip_inherited_customized" model="ir.ui.view">
            <field name="name">PICKING CUSTOMIZED</field>
            <field name="model">stock.picking</field>
            <field name="inherit_id" ref="stock.view_picking_form"/>
            <field name="arch" type="xml">
                <xpath expr="//field[@name='origin']" position="after">
                    <field name="templ_pk_id"/>
                </xpath>
            </field>
        </record>
        <record id="view_picking_inherit_dn" model="ir.ui.view">
            <field name="name">Picking.customized.DN</field>
            <field name="model">stock.picking</field>
            <field name="inherit_id" ref="ncf_professional_templates.Delivery_note_inherited_customized"/>
            <field name="arch" type="xml">
                <xpath expr="//field[@name='theme_color']" position="before">
                    <field name="pk_logo" widget="image"
                           class="oe_avatar" string="Picking Logo"/>
                </xpath>
            </field>
        </record>

        <record id="stock.report_picking" model="ir.ui.view">
            <field name="name">Odoo Template</field>
        </record>
    </data>
</openerp>

