id,name,model_id:id,group_id:id,perm_read,perm_write,perm_create,perm_unlink
access_dgii_purchase_report,access_dgii_purchase_report,model_dgii_purchase_report,account.group_account_user,1,1,1,1
access_dgii_purchase_report_line,access_dgii_purchase_report_line,model_dgii_purchase_report_line,account.group_account_user,1,1,1,1
access_dgii_sale_report,access_dgii_sale_report,model_dgii_sale_report,account.group_account_user,1,1,1,1
access_dgii_sale_report_line,access_dgii_sale_report_line,model_dgii_sale_report_line,account.group_account_user,1,1,1,1
access_dgii_cancel_report,access_dgii_cancel_report,model_dgii_cancel_report,account.group_account_user,1,1,1,1
access_dgii_cancel_report_line,access_dgii_cancel_report_line,model_dgii_cancel_report_line,account.group_account_user,1,1,1,1
access_dgii_exterior_report,access_dgii_exterior_report,model_dgii_exterior_report,account.group_account_user,1,1,1,1
access_dgii_exterior_report_line,access_dgii_exterior_report_line,model_dgii_exterior_report_line,account.group_account_user,1,1,1,1
access_ncf_purchase_shop,ncf_purchase.shop,model_shop_ncf_config,base.group_user,1,1,1,1
access_shop_ncf_config,access_shop_ncf_config,model_shop_ncf_config,account.group_account_user,1,1,1,1
