<?xml version="1.0" encoding="utf-8"?>
<openerp>
    <data>
        <record id="Delivery_note_inherited_customized" model="ir.ui.view">
            <field name="name">DNOTE CUSTOMIZED</field>
            <field name="model">stock.picking</field>
            <field name="inherit_id" ref="stock.view_picking_form"/>
            <field name="arch" type="xml">
		 <xpath expr="//field[@name='origin']" position="after">
			<field name="templ_id"/>
		 </xpath>
		 <xpath expr="//notebook" position="inside">
                         <page string="Delivery Report Settings">
			     <group>
				<group>
				   <field name="dn_logo"  widget="image" 
					class="oe_avatar" string="Delivery Slip Logo"/>
				   <field name="odd"/>
				   <field name="even"/>
				   <field name="text_color"/>
				</group>
				<group>
				   <field name="theme_color"/>
				   <field name="theme_txt_color"/>
				   <field name="name_color"/>
				   <field name="cust_color"/>
				</group>
			     </group>
			 </page>
		 </xpath>
	    </field>
	</record>
<record id="stock.report_delivery_document" model="ir.ui.view">
  <field name="name">Odoo Template</field>
</record>
    </data>
</openerp>

