<?xml version="1.0" encoding="utf-8"?>
<openerp>
  <data>
    <template id="DN_3_document" name="Retro Template">
 <!-- Multicompany -->
                <t t-if="o and 'company_id' in o">
                    <t t-set="company" t-value="o.company_id"></t>
                </t>
                <t t-if="not o or not 'company_id' in o">
                    <t t-set="company" t-value="res_company"></t>
                </t>
                <div t-attf-style="padding-bottom:0px; padding-left:0px; padding-right:0px; color:{{o.text_color}} !important;" class="header col-xs-12">
                       <div class="col-xs-7 pull-right" style="padding-bottom:10px; text-align:right; padding-left:0px; padding-right:0px;">
                         <div t-if="o.dn_logo" style="width:100%; text-align:right; padding-bottom:8px;">
			    <span itemprop="image" t-field="o.dn_logo" t-field-options='{"widget": "image", "style": "max-height:120px; display: inline-block;"}'/>
			 </div>
			 <div t-if="not o.dn_logo and company.invoice_logo" style="width:100%; text-align:right;padding-bottom:8px;">
			    <span itemprop="image" t-field="company.invoice_logo" t-field-options='{"widget": "image", "style": "max-height:120px; display: inline-block;"}'/>
			 </div>
			 <div t-if="not o.dn_logo and not company.invoice_logo and company.logo" style="width:100%; text-align:right;padding-bottom:8px;">
			    <span itemprop="image" t-field="company.logo" t-field-options='{"widget": "image", "style": "max-height:120px; display: inline-block;"}'/>
			 </div>
			 <div t-if="not o.dn_logo and not company.logo and not company.invoice_logo" style="width:100%;text-align:right;padding-bottom:8px;">
			    <span itemprop="image" t-field="company.logo" t-field-options='{"widget": "image", "style": "max-height:120px; display: inline-block;"}'/>
			 </div>
                	 <div t-if="company.twitter or company.facebook or company.googleplus" t-attf-style="background-color:{{o.theme_color}}; width:auto; float:right; padding-left:15px; color:{{o.theme_txt_color}}; 
				   padding-right:15px; padding-top:2px; padding-bottom:2px;" class="pull-right">
                      		<span t-if="company.twitter" style="padding-left:0px;" class="fa fa-twitter-square fa-lg"/>&#160;<span t-field="company.twitter"/>
                      		<span t-if="company.facebook" style="padding-left:13px;" class="fa fa-facebook-square fa-lg"/>&#160;<span t-field="company.facebook"/>
                      		<span t-if="company.googleplus" style="padding-left:13px;" class="fa fa-google-plus-square fa-lg"/>&#160;<span t-field="company.googleplus" />
                  	 </div>
                       </div>
                       <div class="col-xs-5 mb8 pull-left" style="font-size:12px !important; padding-bottom:2px;">
                            <h4 t-field="company.name" t-attf-style="color:{{o.name_color}}; margin-left:-15px;"/>
                            <div t-if="company.street or company.street2 or company.zip"><span class="fa fa-map-marker fa-lg"/>&#160;&#160;
                                        <span t-field="company.street"/> <span t-if="company.street and company.street2">, </span>
					<span t-field="company.street2"/><span t-if="company.zip and (company.street or company.street2)">, </span> 
					<!--<span t-if="company.zip">zip: </span>-->
					<span t-field="company.zip"/>
                            </div>
                            <div t-if="company.city or company.country_id"><span class="fa fa-map-marker fa-lg"/> &#160;&#160;
                                        <span t-field="company.city"/> <span t-if="company.city and company.country_id">, </span>
                                        <span t-field="company.country_id"/>
                            </div>
                            <div t-if="company.phone or company.fax"> <span class="fa fa-phone-square fa-lg"/>&#160;
                                        <span t-field="company.phone"/><span t-if="company.phone and company.fax">, </span>
					<span t-if="company.fax">Fax: </span> <span t-field="company.fax"/>
                            </div>
                            <div t-if="company.email">
                                        <span class="fa fa-envelope-square fa-lg"/>&#160;
                                        <span t-field="company.email"/>
                            </div>
                            <div t-if="company.website">
                                        <span class="fa fa-globe fa-lg"/>&#160;
                                        <span t-field="company.website"/>
                            </div>
                            <div t-if="company.vat">
                                        <span class="fa fa-building fa-lg"/>&#160; Tax ID:
                                        <span t-field="company.vat"/>
                            </div>
                       </div>
                </div> <!--end of Header-->
		<!-- START OF PAGE -->
               <div class="page col-xs-12" t-attf-style="margin-top:0px; padding-top:5px; padding-left:0px; padding-right:0px; color:{{o.text_color}} !important;">
		   <div class="col-xs-12" style="padding-left:0px; padding-right:0px; "> 
                     <div  t-attf-style="float:left; width:auto; max-width:100%; margin-top:0px;padding-top:0px;padding-left:15px;padding-right:15px;color:{{o.theme_txt_color}} !important;background-color:{{o.theme_color}} !important;">
                           <h1 style="margin-bottom:20px;">
                		<span>Delivery Note # </span>
                		<span t-field="o.name"/>

                           </h1>
			</div>
	           </div>
		
                 <div class="col-xs-12" style="padding-left:0px; padding-right:0px; padding-bottom:15px; padding-top:20px;"><!--start of wrapper -->
                   <div class="col-xs-6 pull-left" style="font-size:12px !important;">
                 	    <div class="pull-left" style="padding-top:5px; padding-bottom:0px; width:100%;">
                        	<span style="font-size:18px; font-weight:bold;">
					Customer Address</span>
                 	    </div>
			    <div class="pull-left" style="width:100%;">
                               <h4 t-if="o.partner_id" t-attf-style="color:{{o.cust_color}}; margin-top:2px; margin-bottom:5px; margin-left:0px;"> 
				<span t-if="o.partner_id.title" t-field="o.partner_id.title"/> <span t-field="o.partner_id"/>
			       </h4>
                               <div t-if="o.partner_id.street or o.partner_id.street2 or o.partner_id.zip"> 
				<span class="fa fa-map-marker fa-lg"/> &#160;&#160;<span t-field="o.partner_id.street"/>
				<span t-if="o.partner_id.street and o.partner_id.street2 ">, </span>
				<span t-field="o.partner_id.street2"/><span t-if="o.partner_id.zip and o.partner_id.street or o.partner_id.street2 ">
						, </span>
				<!--<span t-if="o.partner_id.zip ">zip: </span>-->
				<span t-field="o.partner_id.zip"/>
			       </div>
                               <div t-if="o.partner_id.city or o.partner_id.country_id">
				<span class="fa fa-map-marker fa-lg"/> &#160;&#160;<span t-field="o.partner_id.city"/>
				<span t-if="o.partner_id.country_id and o.partner_id.city ">, </span>
				<span t-field="o.partner_id.country_id"/>
			       </div>
                               <div t-if="o.partner_id.phone or o.partner_id.mobile"> 
				<span class="fa fa-phone-square fa-lg"/> <span t-field="o.partner_id.phone"/>
				<span t-if="o.partner_id.mobile and o.partner_id.phone ">, </span>
				<span t-field="o.partner_id.mobile"/>
			       </div>
                               <div t-if="o.partner_id.email"> <span class="fa fa-envelope-square fa-lg"/> <span t-field="o.partner_id.email"/></div>
                               <div t-if="o.partner_id.website"> <span class="fa fa-globe fa-lg"/> <span t-field="o.partner_id.website"/></div>
                               <div t-if="o.partner_id.vat"><span class="fa fa-calendar fa-lg"/> VAT: <span t-field="o.partner_id.vat"/></div>
			    </div>
                   </div>
		   <div class="col-xs-6 pull-right" style="text-align:right;">
	                <span style="font-size:18px; font-weight:bold;">Delivery Address</span>

                          <div t-if="o.move_lines and o.move_lines[0].partner_id and o.move_lines[0].partner_id.id != o.partner_id.id">
                                <div>
                                    <div t-field="o.move_lines[0].partner_id"
                                        t-field-options='{"widget": "contact", "fields": ["address", "name", "phone", "fax"], "no_marker": true}'/>
                                </div>
                          </div>
                          <div t-if="(o.move_lines and o.move_lines[0].partner_id and o.move_lines[0].partner_id.id == o.partner_id.id) or 
				o.move_lines and not o.move_lines[0].partner_id">
                                <div t-field="o.partner_id"
                                   t-field-options='{"widget": "contact", "fields": ["address", "name", "phone", "fax"], "no_marker": true}'/>
                          </div>

		   </div>

                 </div> <!--end of wrapper2-->
		 <div class="col-xs-12 mt8 mb8" t-attf-style="padding-left:0px; padding-right:0px;">
                  <t t-set="div_style" t-value="'color:{}; background-color:{} !important; padding-left:8px; padding-right:8px; width:auto; 
                        float:left; margin-right:15px;'.format(o.theme_txt_color, o.theme_color)"></t>

		   <div t-if="o.picking_type_id" t-attf-style="{{div_style}}">
                      <strong>Order (Origin):</strong>
                      <p t-field="o.picking_type_id"/>
                   </div>
                   <div id="div_sched_date" t-if="o.min_date" t-attf-style="{{div_style}}">
                     <strong>Scheduled Date:</strong>
                     <p t-field="o.min_date"/>
                   </div>
		 </div>
		 <div class="col-xs-12" style="padding:8px;"/>
                 <div class="col-xs-12 mt8 mb8" t-attf-style="padding-left:0px; padding-right:0px;"> <!--start of DATA-->
                    <table t-if="not o.pack_operation_ids" class="table  table-condensed" t-attf-style="color:{{o.text_color}};" >
                        <thead t-attf-style="background-color:{{o.theme_color}}; page-break-inside: avoid; color:{{o.theme_txt_color}};">
                            <tr t-attf-style="page-break-inside: avoid !important; border-bottom: 1px solid {{o.text_color}} !important;">
                                <th t-attf-style="border-bottom: 1px solid {{o.text_color}} !important;">#</th>
                                <th t-attf-style="border-bottom: 1px solid {{o.text_color}} !important;">Product</th>
                                <th t-attf-style="border-bottom: 1px solid {{o.text_color}} !important;">Status</th>
                                <th t-attf-style="border-bottom: 1px solid {{o.text_color}} !important;">Location</th>
                                <th class="text-right" t-attf-style="border-bottom: 1px solid {{o.text_color}} !important;">Quantity</th>
                            </tr>
                        </thead>
                        <tbody>
                          <t t-foreach="o.move_lines" t-as="move">
                             <tr t-attf-style="background-color:{{o.odd if move_parity in 'odd' else o.even}}; page-break-inside: avoid !important;">
                                <td><span t-esc="move_index + 1"/></td>
                               <td>
                                    <span t-field="move.product_id"/>
                               </td>
                               <td>
                                   <span t-field="move.state"/>
                               </td>
                               <td>
                                   <span t-field="move.location_id"/>
                               </td>
                               <td class="text-right">
				   <span t-field="move.product_uom_qty"/>
				   <span t-field="move.product_uom"/>
                               </td>
                            </tr>
                          </t>
                        </tbody>
                    </table>
                    <table t-if="o.pack_operation_ids" class="table  table-condensed" t-attf-style="color:{{o.text_color}};" >
			<t t-set="has_serial_number" t-value="o.pack_operation_ids.filtered('pack_lot_ids')" groups="stock.group_production_lot"/>
                        <thead t-attf-style="background-color:{{o.theme_color}}; page-break-inside: avoid; color:{{o.theme_txt_color}};">
                            <tr t-attf-style="page-break-inside: avoid !important; border-bottom: 1px solid {{o.text_color}} !important;">
                                <th t-attf-style="border-bottom: 1px solid {{o.text_color}} !important;">#</th>
                                <th t-attf-style="border-bottom: 1px solid {{o.text_color}} !important;">Product</th>
                                <th t-if="has_serial_number" t-attf-style="border-bottom: 1px solid {{o.text_color}} !important;">Serial Number</th>
                                <th t-attf-style="border-bottom: 1px solid {{o.text_color}} !important;">status</th>
                                <th t-attf-style="border-bottom: 1px solid {{o.text_color}} !important;">Location</th>
                                <th class="text-right" t-attf-style="border-bottom: 1px solid {{o.text_color}} !important;">Quantity</th>
                            </tr>
                        </thead>
                        <tbody>
                          <t t-foreach="o.pack_operation_ids" t-as="pack_operation">
                             <tr t-attf-style="background-color:{{o.odd if pack_operation_parity in 'odd' else o.even}}; page-break-inside: 
					avoid !important;">
                                <td><span t-esc="pack_operation_index + 1"/></td>
                               <td>
                                    <span t-field="pack_operation.product_id"/>
                                    <t t-if="not pack_operation.product_id and pack_operation.package_id">
                                        <span  t-field="pack_operation.package_id"/>
                                    </t>
                               </td>
                                <t t-if="has_serial_number"><!-- Start of serial number -->
                                    <td t-if="pack_operation.pack_lot_ids">
                                        <table class="table table-condensed" t-if="pack_operation.pack_lot_ids">
                                            <thead>
                                                <tr><th>Lot</th><th>Qty</th></tr>
                                            </thead>
                                            <tr t-foreach="pack_operation.pack_lot_ids" t-as="packlot">
                                                <td>
                                                    <span t-field="packlot.lot_id"/>
                                                    <t t-if="not packlot.lot_id">
                                                        <span t-field="packlot.lot_name"/>
                                                    </t>
                                                </td>
                                                <td>
                                                    <span t-field="packlot.qty"/> <t t-if="o.picking_type_id.use_existing_lots and o.state!='done'"> / 
						    <span t-field="packlot.qty_todo"/></t>
                                                </td>
                                            </tr>
                                        </table>
                                    </td>
                                    <td t-if="not pack_operation.pack_lot_ids"/>
                                </t> <!-- end of serial number -->

                               <td>
				   <span t-field="pack_operation.picking_id.move_lines[pack_operation_index].state"/>
                               </td>
                               <td>
                                    <span t-field="pack_operation.location_id"/>
                                    <span t-if="pack_operation.package_id">:</span>
                                    <span t-field="pack_operation.package_id"/>
                               </td>
                               <td class="text-right">
				   <span t-field="pack_operation.product_qty"/>
				   <span t-field="pack_operation.product_uom_id"/>
                               </td>
                            </tr>
                          </t>
                        </tbody>
                    </table>
                 </div><!--End of DATA-->
               </div><!--End of PAGE-->
               <div class="footer col-xs-12" t-attf-style="color:{{o.text_color}} !important; padding-left:0px; padding-right:0px;">
                 <div class="text-center" t-attf-style="border-top: 1px solid {{o.text_color}};">
                    <ul t-if="not company.custom_footer" class="list-inline">
                      <li t-if="company.phone"> <span class="fa fa-phone-square fa-lg"/> <span t-field="company.phone"/></li>
                      <li  t-if="company.fax and company.phone">&amp;bull;</li>
                      <li t-if="company.fax"><span class="fa fa-phone-square fa-lg"/> <span t-field="company.fax"/></li>
                      <li t-if="company.email">&amp;bull;</li>
                      <li t-if="company.email"><span class="fa fa-envelope-o fa-lg"/> <span t-field="company.email"/></li>
                      <li t-if="company.website">&amp;bull;</li>
                      <li t-if="company.website"><span class="fa fa-globe fa-lg"/> <span t-field="company.website"/></li>
                    </ul>
                    <t t-if="company.custom_footer">
                       <span t-raw="company.rml_footer"/>
                    </t>

                    <ul class="list-inline">
                      <li>Page:</li>
                      <li><span class="page"/></li>
                      <li>/</li>
                      <li><span class="topage"/></li>
                    </ul>
                 </div>
               </div><!--End of FOOTER-->
    </template>
</data>
</openerp>
