<?xml version="1.0" encoding="utf-8"?>
<openerp>
	<data noupdate="0">

		<record id="wk_loyalty_product_category_id" model="product.category">
            <field name="name">Loyalty</field>
        </record>

		<record id="wk_loyalty_product_id" model="product.product">
            <field name="name">Loyalty Benefit</field>
            <field name="categ_id" ref="wk_loyalty_product_category_id"/>
            <field name="list_price">0</field>
            <field name="standard_price">0</field>
            <field name="type">service</field>
            <field name="taxes_id">[(6, 0, [])]</field>
            <field name="supplier_taxes_id">[(6, 0, [])]</field>
        </record>

        <record id="pos_loyalty_management_data" model="loyalty.management">
            <!-- <field name="Active">1</field> -->
            <field name="loyality_product_id" ref="wk_loyalty_product_id"/>
            <field name="points">1</field>
            <field name="purchase">10</field>
        </record>
		
	</data>
</openerp>
