<?xml version="1.0" encoding="utf-8"?>
<openerp>
    <data>
        <template id="report_invoice">
            <t t-call="report.html_container">
                <t t-foreach="docs" t-as="o">
                    <t t-call="{{o.template_id.key}}" t-lang="o.partner_id.lang"/>
                </t>
            </t>
        </template>
        <template id="report_duplicate">
            <t t-call="report.html_container">
                <t t-foreach="docs" t-as="o">
                    <t t-call="{{o.template_id.key.replace('document', 'duplicate')}}" t-lang="o.partner_id.lang"/>
                </t>
            </t>
        </template>

    </data>
</openerp>
