<?xml version="1.0" encoding="utf-8"?>
<openerp>
    <data>
        <record id="view_account_invoice__inherit_customized" model="ir.ui.view">
            <field name="name">account.invoice.customized</field>
            <field name="model">account.invoice</field>
            <field name="inherit_id" ref="account.invoice_form"/>
            <field name="arch" type="xml">
		 <xpath expr="//field[@name='user_id']" position="after">
			<field name="template_id" groups="base.group_no_one"/>
		 </xpath>
		 <xpath expr="//notebook" position="inside">
                         <page string="Invoice Report Settings" groups="base.group_no_one">
			     <group>
				<group>
				   <field name="invoice_logo" widget="image" class="oe_avatar" string="Invoice Logo"/>
				   <field name="odd" widget="color"/>
				   <field name="even" widget="color"/>
				   <field name="text_color" widget="color"/>
				</group>
				<group>
				   <field name="theme_color" widget="color"/>
				   <field name="theme_txt_color" widget="color"/>
				   <field name="name_color" widget="color"/>
				   <field name="cust_color" widget="color"/>
				</group>
			     </group>
			 </page>
		 </xpath>
	    </field>
	</record>
<record id="account.report_invoice_document" model="ir.ui.view">
  <field name="name">Odoo Invoice</field>
</record>
    </data>
</openerp>

