<?xml version="1.0" encoding="utf-8"?>
<openerp>
    <data>
        <record id="res_company_inherit_default_settings" model="ir.ui.view">
            <field name="name">res.company.report.settings</field>
            <field name="model">res.company</field>
            <field name="inherit_id" ref="base.view_company_form"/>
            <field name="arch" type="xml">

		 <xpath expr="//page[@name='report']" position="inside">
			<group name="default_report_templates" string="Default Report Templates">
                                <group>
                                   <field name="template_invoice"/>
                                </group>
			</group>
			<group name="default_report_settings" string="Default Report Settings">
				<group>
			           <field name="invoice_logo" widget="image" class="oe_avatar" string="Report Logo"/>
				   <field name="odd" widget="color"/>
				   <field name="even" widget="color"/>
				</group>
				<group>
				   <field name="theme_color" widget="color"/>
				   <field name="theme_txt_color" widget="color"/>
				   <field name="text_color" widget="color"/>
				   <field name="name_color" widget="color"/>
				   <field name="cust_color" widget="color"/>
				</group>
			</group>
		 </xpath>
	    </field>
	</record>
    </data>
</openerp>

