<?xml version="1.0" encoding="utf-8"?>
<openerp>
    <data>
        <template id="INVOICE_3_document" name="Retro Template">
            <!-- Multicompany -->
            <t t-if="o and 'company_id' in o">
                <t t-set="company" t-value="o.company_id"></t>
            </t>
            <t t-if="not o or not 'company_id' in o">
                <t t-set="company" t-value="res_company"></t>
            </t>
            <div class="header">
                <div class="col-xs-12"
                     t-attf-style="padding-bottom:0px; padding-left:0px; padding-right:0px; color:{{o.text_color}} !important;">

                    <div class="col-xs-8 mb8 pull-left" style="font-size:12px !important; padding-bottom:2px;">

                        <div class="col-xs-6 mb8" style="font-size:12px !important; padding-bottom:2px;">
                            <h4 class="" t-field="company.name" t-attf-style="color:{{o.name_color}}"/>
                            <div t-if="company.street or company.street2 or company.zip">
                                <span class="fa fa-map-marker fa-lg"/>
                                <span t-field="company.street"/>
                                <span t-if="company.street and company.street2">,</span>
                                <span t-field="company.street2"/>
                                <span t-if="company.zip and (company.street or company.street2)">,</span>
                                <span t-if="company.zip">zip:
                                    <span t-field="company.zip"/>
                                </span>
                                <span t-if="company.cityt" t-field="company.city"/>
                                <span t-if="company.city and company.country_id">,</span>
                                <span t-if="company.country_id" t-field="company.country_id"/>

                            </div>
                        </div>
                        <div class="col-xs-6 mb8" style="font-size:12px !important; padding-bottom:2px;">
                            <div t-if="company.phone or company.fax"><span class="fa fa-phone-square fa-lg"/>&#160;
                                <span t-field="company.phone"/>
                                <span t-if="company.phone and company.fax">,</span>
                                <span t-if="company.fax">Fax:</span>
                                <span t-field="company.fax"/>
                            </div>
                            <div t-if="company.email">
                                <span class="fa fa-envelope-square fa-lg"/>&#160;
                                <span t-field="company.email"/>
                            </div>
                            <div t-if="company.website">
                                <span class="fa fa-globe fa-lg"/>&#160;
                                <span t-field="company.website"/>
                            </div>
                            <div t-if="company.vat">
                                <span class="fa fa-building fa-lg"/>&#160; Tax ID:
                                <span t-field="company.vat"/>
                            </div>
                        </div>
                    </div>
                    <div class="col-xs-4 pull-right" style="padding-bottom:10px;">
                        <span t-if="o.invoice_logo">
                            <span itemprop="image" t-field="o.invoice_logo"
                                  t-field-options='{"widget": "image", "style": "max-height:100px"}'/>
                        </span>
                        <span t-if="not o.invoice_logo and company.invoice_logo">
                            <span itemprop="image" t-field="company.invoice_logo"
                                  t-field-options='{"widget": "image", "style": "max-height:100px"}'/>
                        </span>
                        <span t-if="not o.invoice_logo and not company.invoice_logo and company.logo">
                            <span itemprop="image" t-field="company.logo"
                                  t-field-options='{"widget": "image", "style": "max-height:100px"}'/>
                        </span>
                        <span t-if="not o.invoice_logo and not company.logo and not company.invoice_logo">
                            <span itemprop="image" t-field="company.logo"
                                  t-field-options='{"widget": "image", "style": "max-height:100px"}'/>
                        </span>
                    </div>

                </div> <!--end of Header-->
                <div t-if="company.twitter or company.facebook or company.googleplus" t-attf-style="background-color:{{o.theme_color}}; width:auto; float:left; padding-left:15px; color:{{o.theme_txt_color}};
				   padding-right:15px; padding-top:2px; padding-bottom:2px;" class="col-xs-12 pull-right">
                    <span t-if="company.twitter" style="padding-left:0px;" class="fa fa-twitter-square fa-lg"/>
                    &#160;
                    <span t-field="company.twitter"/>
                    <span t-if="company.facebook" style="padding-left:13px;" class="fa fa-facebook-square fa-lg"/>
                    &#160;
                    <span t-field="company.facebook"/>
                    <span t-if="company.googleplus" style="padding-left:13px;"
                          class="fa fa-google-plus-square fa-lg"/>
                    &#160;
                    <span t-field="company.googleplus"/>
                    &#160;
                    <span t-if="company.rml_header1" t-field="company.rml_header1"/>

                </div>
            </div> <!--end of Header-->
            <!-- START OF PAGE -->
            <div class="page col-xs-12"
                 t-attf-style="margin-top:0px; padding-top:0px; padding-left:0px; padding-right:0px; color:{{o.text_color}} !important;">

                <div class="col-xs-12" style="padding-left:0px; padding-right:0px;text-align: center;">
                    <div t-attf-style="width:100%; max-width:100%; margin-top:0px;padding:2px;padding-left:15px;padding-right:15px;color:{{o.theme_txt_color}} !important;background-color:{{o.theme_color}} !important;">
                        <h4>
                            <span t-if="o.type == 'out_invoice' and o.fiscal_position_id.client_fiscal_type == 'final' and (o.state == 'open' or o.state == 'paid')">
                                Factura para consumidor final -
                            </span>
                            <span t-if="o.type == 'out_invoice' and o.fiscal_position_id.client_fiscal_type == 'fiscal' and (o.state == 'open' or o.state == 'paid')">
                                Factura para crédito fiscal -
                            </span>
                            <span t-if="o.type == 'out_invoice' and o.fiscal_position_id.client_fiscal_type == 'gov' and (o.state == 'open' or o.state == 'paid')">
                                Factura Gubernamental -
                            </span>
                            <span t-if="o.type == 'out_invoice' and o.fiscal_position_id.client_fiscal_type == 'special' and (o.state == 'open' or o.state == 'paid')">
                                Factura para regímenes especiales -
                            </span>
                            <span t-if="o.type == 'out_invoice' and o.fiscal_position_id.client_fiscal_type == 'unico' and (o.state == 'open' or o.state == 'paid')">
                                Registro de unico ingreso -
                            </span>

                            <span t-if="o.type == 'out_invoice' and o.state == 'proforma2'">PRO-FORMA</span>
                            <span t-if="o.type == 'out_invoice' and o.state == 'draft'">Draft Invoice</span>
                            <span t-if="o.type == 'out_invoice' and o.state == 'cancel'">Cancelled Invoice</span>
                            <span t-if="o.type == 'out_refund'">Nota de crédito -</span>
                            <span t-if="o.type == 'in_refund'">Nota de crédito proveedor -</span>
                            <span t-if="o.type == 'in_invoice'">Factura de compra -</span>
                            <span t-field="o.number"/>
                        </h4>
                    </div>
                </div>

                <div class="col-xs-12"
                     style="padding-left:0px; padding-right:0px; padding-bottom:15px; padding-top:20px;"><!--start of wrapper -->

                    <div class="col-xs-3" t-attf-style="padding-top:0px; padding-bottom:5px;">
                        <span style="font-size:18px; font-weight:bold;">Invoiced To:</span>
                    </div>
                    <div class="col-xs-12" style="font-size:12px !important;">
                        <div class="col-xs-4 pull-left" style="font-size:12px !important;">
                            <h4 t-if="o.partner_id"
                                t-attf-style="color:{{o.cust_color}}; margin-top:2px; margin-bottom:5px; margin-left:0px;">
                                <span t-if="o.partner_id.title" t-field="o.partner_id.title"/>
                                <span t-field="o.partner_id"/>
                            </h4>
                            <div t-if="o.partner_id.vat">
                                <span class="fa fa-building fa-lg"/>
                                VAT:
                                <span t-field="o.partner_id.vat"/>
                            </div>
                            <div>
                                <span t-if="o.partner_id.street" class="fa fa-map-marker fa-lg"/>
                                <span t-if="o.partner_id.street" t-field="o.partner_id.street"/>
                                <span t-if="o.partner_id.street and o.partner_id.street2 ">,</span>
                                <span t-if="o.partner_id.street2" t-field="o.partner_id.street2"/>
                                <span t-if="o.partner_id.zip and o.partner_id.street or o.partner_id.street2 ">,</span>
                                <span t-if="o.partner_id.zip ">zip:
                                    <span t-field="o.partner_id.zip"/>
                                </span>
                                <span t-if="o.partner_id.zip and o.partner_id.city">,</span>
                                <span t-if="o.partner_id.city or o.partner_id.country_id" t-field="o.partner_id.city"/>
                                <span t-if="o.partner_id.country_id and o.partner_id.city ">,</span>
                                <span t-field="o.partner_id.country_id"/>
                            </div>
                        </div>
                        <div class="col-xs-4 pull-left" style="font-size:12px !important;">

                            <div t-if="o.partner_id.phone or o.partner_id.mobile">
                                <span class="fa fa-phone-square fa-lg"/>
                                <span t-field="o.partner_id.phone"/>
                                <span t-if="o.partner_id.mobile and o.partner_id.phone ">,</span>
                                <span t-field="o.partner_id.mobile"/>
                            </div>
                            <div t-if="o.partner_id.email">
                                <span class="fa fa-envelope-square fa-lg"/>
                                <span t-field="o.partner_id.email"/>
                            </div>
                            <div t-if="o.partner_id.website">
                                <span class="fa fa-globe fa-lg"/>
                                <span t-field="o.partner_id.website"/>
                            </div>

                        </div>
                        <div class="col-xs-4 pull-right" style="text-align:right;">

                        <t t-if="o.date_invoice">
                            <div>
                                <strong>Invoice Date:</strong>
                                <span t-field="o.date_invoice"/>
                            </div>
                        </t>
                        <t t-if="o.date_due">
                            <div>
                                <strong>Due Date:</strong>
                                <span t-field="o.date_due"/>
                            </div>
                        </t>
                        <t t-if="o.name">
                            <div>
                                <strong>Ref:</strong>
                                <span t-field="o.name"/>
                            </div>
                        </t>
                        <t t-if="o.fiscal_position_id">
                            <div>
                                <strong>Fiscal Position:</strong>
                                <span t-field="o.fiscal_position_id"/>
                            </div>
                        </t>
                    </div>

                    </div>

                </div> <!--end of wrapper2-->
                <div class="col-xs-12 mt8 mb8"
                     t-attf-style="padding-left:0px; padding-right:0px;font-size:12px !important;"> <!--start of DATA-->
                    <table class="table  table-condensed" t-attf-style="color:{{o.text_color}};">
                        <thead t-attf-style="background-color:{{o.theme_color}}; page-break-inside: avoid; color:{{o.theme_txt_color}};">
                            <tr t-attf-style="page-break-inside: avoid !important; border-bottom: 1px solid {{o.text_color}} !important;">
                                <th t-attf-style="border-bottom: 1px solid {{o.text_color}} !important;">No.</th>
                                <th class="text-right"
                                    t-attf-style="border-bottom: 1px solid {{o.text_color}} !important;">Quantity
                                </th>
                                <th t-attf-style="border-bottom: 1px solid {{o.text_color}} !important;">Description
                                </th>
                                <th class="text-right"
                                    t-attf-style="border-bottom: 1px solid {{o.text_color}} !important;">Unit Price
                                </th>
                                <th class="text-right"
                                    t-attf-style="border-bottom: 1px solid {{o.text_color}} !important;"
                                    groups="sale.group_discount_per_so_line">Discount(%)
                                </th>
                                <th class="text-right"
                                    t-attf-style="border-bottom: 1px solid {{o.text_color}} !important;">Taxes
                                </th>
                                <th class="text-right"
                                    t-attf-style="border-bottom: 1px solid {{o.text_color}} !important;">Amount
                                </th>
                            </tr>
                        </thead>
                        <tbody>
                            <t t-foreach="o.invoice_line_ids" t-as="l">
                                <tr t-attf-style="background-color:{{o.odd if l_parity in 'odd' else o.even}}; page-break-inside: avoid !important;">
                                    <td>
                                        <span t-esc="l_index + 1"/>
                                    </td>
                                    <td class="text-right">
                                        <span t-field="l.quantity"/>
                                        <span t-field="l.uom_id" groups="product.group_uom"/>
                                    </td>
                                    <td>
                                        <span t-field="l.name"/>
                                    </td>

                                    <td class="text-right">
                                        <span t-field="l.price_unit"/>
                                    </td>
                                    <td class="text-right" groups="sale.group_discount_per_so_line">
                                        <span t-field="l.discount"/>
                                    </td>
                                    <td class="text-right">
                                        <span t-field="l.tax_amount"/>
                                    </td>
                                    <td class="text-right">
                                        <span t-field="l.price_subtotal"/>
                                    </td>
                                </tr>
                            </t>
                        </tbody>
                    </table>

                </div><!--End of DATA-->
                <div class="col-xs-12" style="padding-left:0px; padding-right:0px;">
                    <div class="col-xs-5 pull-right"
                         style="padding-left:0px; padding-right:0px; page-break-inside: avoid !important;">
                        <table class="table table-condensed" t-attf-style="color:{{o.text_color}};">
                            <tbody>
                                <tr t-attf-style="border-top: 1px solid {{o.text_color}};">
                                    <td t-attf-style="border-top: 1px solid {{o.text_color}} !important;">
                                        <strong>Total Without Taxes</strong>
                                    </td>
                                    <td class="text-right"
                                        t-attf-style="border-top: 1px solid {{o.text_color}} !important;">
                                        <span t-field="o.amount_untaxed"/>
                                    </td>
                                </tr>
                                <tr>
                                    <td>Taxes</td>
                                    <td class="text-right">
                                        <span t-field="o.amount_tax"/>
                                    </td>
                                </tr>
                                <tr t-if="o.total_discount">
                                    <td>Discount</td>
                                    <td class="text-right">
                                        <span t-field="o.total_discount"/>
                                    </td>
                                </tr>
                                <tr t-attf-style="border-bottom: 1px solid {{o.text_color}};">
                                    <td t-attf-style="border-top: 1px solid {{o.text_color}} !important;">
                                        <strong>Total</strong>
                                    </td>
                                    <td class="text-right"
                                        t-attf-style="border-top: 1px solid {{o.text_color}} !important;">
                                        <strong>
                                            <span style="font-weight:bold; text-decoration:underline;"
                                                  t-field="o.amount_total"/>
                                        </strong>
                                    </td>
                                </tr>
                                <!--<tr t-attf-style="border-bottom: 1px solid {{o.text_color}};">-->
                                    <!--<td t-attf-style="border-top: 1px solid {{o.text_color}} !important;">-->
                                        <!--<strong>Amount Due</strong>-->
                                    <!--</td>-->
                                    <!--<td class="text-right"-->
                                        <!--t-attf-style="border-top: 1px solid {{o.text_color}} !important;">-->
                                        <!--<strong>-->
                                            <!--<span style="font-weight:bold;" t-field="o.residual"/>-->
                                        <!--</strong>-->
                                    <!--</td>-->
                                <!--</tr>-->

                                <!--<tr>-->
                                    <!--<td t-attf-style="border-top: 1px solid {{o.text_color}} !important;">-->
                                        <!--<strong>Payment Status:</strong>-->
                                    <!--</td>-->
                                    <!--<td class="text-right"-->
                                        <!--t-attf-style="border-top: 1px solid {{o.text_color}} !important;">-->
                                        <!--<strong>-->
                                            <!--<span t-if="o.state == 'paid'"-->
                                                  <!--class="label label-info orders_label_text_align">-->
                                                <!--<i class="fa fa-fw fa-check"/>-->
                                                <!--Paid-->
                                            <!--</span>-->
                                            <!--<span t-if="o.state != 'paid'"-->
                                                  <!--class="label label-info orders_label_text_align">-->
                                                <!--<i class="fa fa-fw fa-clock-o"/>-->
                                                <!--Uncleared-->
                                            <!--</span>-->
                                        <!--</strong>-->
                                    <!--</td>-->
                                <!--</tr>-->
                            </tbody>
                        </table>
                    </div>
                </div>
                <!--PAYMENT INFO-->
                <div class="col-xs-12" style="padding-left:0px; padding-right:0px;">
                    <t t-set="payments" t-value="json.loads(o.payments_widget)"/>
                    <p t-if="payments">
                        <strong>Payment Information:</strong>
                    </p>
                    <div t-if="payments" class="col-xs-7 pull-left"
                         style="padding-left:0px; padding-right:0px; page-break-inside: avoid !important;">
                        <table class="table table-condensed" t-attf-style="color:{{o.text_color}};">

                            <thead t-attf-style="background-color:{{o.theme_color}}; page-break-inside: avoid; color:{{o.theme_txt_color}};">
                                <tr t-attf-style="page-break-inside: avoid !important; border-bottom: 1px solid {{o.text_color}} !important;">
                                    <th t-attf-style="border-bottom: 1px solid {{o.text_color}} !important;">No.</th>
                                    <th t-attf-style="border-bottom: 1px solid {{o.text_color}} !important;">Date</th>
                                    <th t-attf-style="border-bottom: 1px solid {{o.text_color}} !important;">Method</th>
                                    <th t-attf-style="border-bottom: 1px solid {{o.text_color}} !important;">Ref.</th>
                                    <th class="text-right"
                                        t-attf-style="border-bottom: 1px solid {{o.text_color}} !important;">Amount
                                    </th>
                                </tr>
                            </thead>

                            <tbody>
                                <t t-foreach="payments['content']" t-as="p">
                                    <tr t-attf-style="background-color:{{o.odd if p_parity in 'odd' else o.even}}; page-break-inside: avoid !important;">
                                        <td>
                                            <span t-esc="p_index + 1"/>
                                        </td>
                                        <td>
                                            <span t-esc="p['date']"/>
                                        </td>
                                        <td>
                                            <span t-esc="p['journal_name']"/>
                                        </td>
                                        <td>
                                            <span t-esc="p['ref']"/>
                                        </td>
                                        <td class="text-right">
                                            <span t-esc="'{:,.2f} {}'.format(p['amount'], p['currency']) if p['position'] == 'after'
                                else '{} {:,.2f}'.format(p['currency'], p['amount'])"/>
                                        </td>
                                    </tr>
                                </t>
                            </tbody>
                        </table>
                    </div>
                </div>
                <!--END PAYMENT INFO -->

                <div class="col-xs-12 pull-left"
                     style="padding-left:0px; padding-right:0px; page-break-inside: avoid ! important;">
                    <p t-if="o.payment_term_id">
                        <strong>Payment Terms:</strong>
                        <span t-field="o.payment_term_id"/>
                    </p>
                    <p t-if="o.fiscal_position_id.note">
                        <strong>Fiscal Position Remark:</strong>
                        <span t-field="o.fiscal_position_id.note"/>
                    </p>
                    <p t-if="o.comment">
                        <strong>Note:</strong>
                        <span t-field="o.comment"/>
                    </p>
                </div>
            </div><!--End of PAGE-->
            <div class="footer col-xs-12"
                 t-attf-style="color:{{o.text_color}} !important; padding-left:0px; padding-right:0px;">
                <div class="text-center" t-attf-style="border-top: 1px solid {{o.text_color}};">
                    <ul t-if="not company.custom_footer" class="list-inline">
                        <li t-if="company.phone">
                            <span class="fa fa-phone-square fa-lg"/>
                            <span t-field="company.phone"/>
                        </li>
                        <li t-if="company.fax and company.phone">&amp;bull;</li>
                        <li t-if="company.fax">
                            <span class="fa fa-phone-square fa-lg"/>
                            <span t-field="company.fax"/>
                        </li>
                        <li t-if="company.email">&amp;bull;</li>
                        <li t-if="company.email">
                            <span class="fa fa-envelope-o fa-lg"/>
                            <span t-field="company.email"/>
                        </li>
                        <li t-if="company.website">&amp;bull;</li>
                        <li t-if="company.website">
                            <span class="fa fa-globe fa-lg"/>
                            <span t-field="company.website"/>
                        </li>
                    </ul>
                    <t t-if="company.custom_footer">
                        <span t-raw="company.rml_footer"/>
                    </t>

                    <ul class="list-inline">
                        <li>Page:</li>
                        <li>
                            <span class="page"/>
                        </li>
                        <li>/</li>
                        <li>
                            <span class="topage"/>
                        </li>
                    </ul>
                </div>
            </div><!--End of FOOTER-->
        </template>

        <template id="INVOICE_3_duplicate" inherit_id="INVOICE_3_document" primary="True" name="Retro Duplicate">
            <xpath expr="//h4" position="replace">
                <h4>
                    <span>Duplicate#</span>
                    <span t-field="o.number"/>
                </h4>
            </xpath>
        </template>
    </data>
</openerp>
