<?xml version="1.0" encoding="utf-8"?>
<openerp>
    <data>
        <template id="INVOICE_4_document" name="TVA Template">
            <!-- Multicompany -->
            <t t-if="o and 'company_id' in o">
                <t t-set="company" t-value="o.company_id"></t>
            </t>
            <t t-if="not o or not 'company_id' in o">
                <t t-set="company" t-value="res_company"></t>
            </t>
            <div t-attf-style="padding-bottom:0px; padding-left:0px; padding-right:0px; color:{{o.text_color}} !important;"
                 class="header col-xs-12">
                <div class="col-xs-6 pull-left"
                     t-attf-style="height:155px; font-size:12px !important; padding-bottom:0px; border:1px solid {{o.text_color}}; border-bottom:1px solid #f9f9f9;">
                    <h4 t-attf-style="color:{{o.name_color}}; margin-left:-5px; margin-top:2px; margin-bottom:2px;">
                        <span style="font-weight:bold;">Name or Corporate name:</span>
                        <span t-field="company.name"/>
                    </h4>
                    <div>
                        <span style="font-weight:bold;">Tax Number:</span>
                        <span t-field="company.vat"/>
                    </div>

                    <div>
                        <span style="font-weight:bold;">Address:</span>
                        <span t-field="company.street"/>
                        <span t-if="company.street and company.street2">,</span>
                        <span t-field="company.street2"/>
                        <span t-if="company.zip and (company.street or company.street2)">,</span>
                        <span t-field="company.zip"/>
                    </div>
                    <div t-if="company.city or company.country_id">
                        <span t-field="company.city"/>
                        <span t-if="company.city and company.country_id">,</span>
                        <span t-field="company.country_id"/>
                    </div>
                    <div>
                        <span style="font-weight:bold;">Tel:</span>
                        <span t-field="company.phone"/>
                        <span t-if="company.phone and company.fax">,</span>
                        <span t-if="company.fax" style="font-weight:bold;">Fax:</span>
                        <span t-field="company.fax"/>
                    </div>
                    <div t-if="company.email">
                        <span style="font-weight:bold;">Email:</span>
                        <span t-field="company.email"/>
                    </div>
                    <div t-if="company.website">
                        <span style="font-weight:bold;">Website:</span>
                        <span t-field="company.website"/>
                    </div>
                </div>
                <div class="col-xs-3 pull-right"
                     t-attf-style="border: 1px solid {{o.text_color}}; color:{{o.text_color}};">
                    <span style="font-weight:bold;">Date:</span>
                    <span t-if="o.date_invoice" t-field="o.date_invoice"></span>
                </div>
                <div class="col-xs-6 pull-right" style="text-align:right; padding-left:0px; padding-right:0px;">
                    <div t-if="o.invoice_logo"
                         style="width:100%; text-align:right; padding-bottom:3px; padding-top:3px;">
                        <span itemprop="image" t-field="o.invoice_logo"
                              t-field-options='{"widget": "image", "style": "max-height:120px; display: inline-block;"}'/>
                    </div>
                    <div t-if="not o.invoice_logo and company.invoice_logo"
                         style="width:100%; text-align:right;padding-bottom:8px;">
                        <span itemprop="image" t-field="company.invoice_logo"
                              t-field-options='{"widget": "image", "style": "max-height:120px; display: inline-block;"}'/>
                    </div>
                    <div t-if="not o.invoice_logo and not company.invoice_logo and company.logo"
                         style="width:100%; text-align:right;padding-bottom:8px;">
                        <span itemprop="image" t-field="company.logo"
                              t-field-options='{"widget": "image", "style": "max-height:120px; display: inline-block;"}'/>
                    </div>
                    <div t-if="not o.invoice_logo and not company.logo and not company.invoice_logo"
                         style="width:100%;text-align:right;padding-bottom:8px;">
                        <span itemprop="image" t-field="company.logo"
                              t-field-options='{"widget": "image", "style": "max-height:120px"; display: inline-block;}'/>
                    </div>
                </div>
            </div> <!--end of Header-->
            <!-- START OF PAGE -->
            <div class="page col-xs-12"
                 t-attf-style="margin-top:0px; padding-top:0px; padding-left:0px; padding-right:0px; color:{{o.text_color}} !important;">
                <div class="col-xs-5 pull-right"
                     t-attf-style="font-size:12px !important; border: 1px solid {{o.text_color}};">
                    <h4 t-if="o.partner_id"
                        t-attf-style="color:{{o.cust_color}}; margin-top:2px; margin-bottom:5px; margin-left:0px;">
                        Client:<!--<span t-if="o.partner_id.title" t-field="o.partner_id.title"/> <span t-field="o.partner_id"/> -->
                    </h4>
                    <div>
                        <span style="font-weight:bold;">Name:</span>
                        <span t-if="o.partner_id.title" t-field="o.partner_id.title"/>
                        <span t-field="o.partner_id"/>
                    </div>
                    <div>
                        <span style="font-weight:bold;">Address:</span>
                        <span t-field="o.partner_id.street"/>
                        <span t-if="o.partner_id.street and o.partner_id.street2 ">,</span>
                        <span t-field="o.partner_id.street2"/>
                        <span t-if="o.partner_id.zip and o.partner_id.street or o.partner_id.street2 ">,</span>
                        <span t-field="o.partner_id.zip"/>
                    </div>
                    <div t-if="o.partner_id.city or o.partner_id.country_id">
                        <span t-field="o.partner_id.city"/>
                        <span t-if="o.partner_id.country_id and o.partner_id.city ">,</span>
                        <span t-field="o.partner_id.country_id"/>
                    </div>
                    <div>
                        <span style="font-weight:bold;">Tel:</span>
                        <span t-field="o.partner_id.phone"/>
                        <span t-if="o.partner_id.mobile and o.partner_id.phone ">,</span>
                        <span t-field="o.partner_id.mobile"/>
                    </div>
                    <div t-if="o.partner_id.email">
                        <span style="font-weight:bold;">Email:</span>
                        <span t-field="o.partner_id.email"/>
                    </div>
                    <div t-if="o.partner_id.website">
                        <span style="font-weight:bold;">Website:</span>
                        <span t-field="o.partner_id.website"/>
                    </div>
                    <div t-if="o.partner_id.vat">
                        <span style="font-weight:bold;">VAT:</span>
                        <span t-field="o.partner_id.vat"/>
                    </div>
                </div>
                <div class="col-xs-6 pull-left"
                     style="height:80px; text-align:center; border:1px solid; border-top:0px;">
                    <span style="font-weight:bold; font-size:60px; color:#f9f9f9;">Stamp</span>
                </div>
                <div class="col-xs-6"
                     style="padding-left:0px; padding-right:0px; padding-top:5px; padding-bottom:0px; ">
                    <div t-attf-style="float:left; width:100%; margin-top:0px;padding-top:0px;padding-left:15px;padding-right:15px;color:{{o.text_color}} !important; border:1px solid {{o.text_color}}">
                        <h4 id="title" style="margin-bottom:10px;">
                            <span t-if="o.type == 'out_invoice' and (o.state == 'open' or o.state == 'paid')">Invoice
                                No.
                            </span>
                            <span t-if="o.type == 'out_invoice' and o.state == 'proforma2'">PRO-FORMA</span>
                            <span t-if="o.type == 'out_invoice' and o.state == 'draft'">Draft Invoice</span>
                            <span t-if="o.type == 'out_invoice' and o.state == 'cancel'">Cancelled Invoice</span>
                            <span t-if="o.type == 'out_refund'">Refund</span>
                            <span t-if="o.type == 'in_refund'">Supplier Refund</span>
                            <span t-if="o.type == 'in_invoice'">Supplier Invoice</span>
                            <span t-field="o.number"/>
                        </h4>
                    </div>
                </div>


                <div class="col-xs-12"
                     style="padding-left:0px; padding-right:0px; padding-bottom:15px; padding-top:20px;"><!--start of wrapper -->

                </div> <!--end of wrapper2-->
               <div class="col-xs-12 mt8 mb8"
                     t-attf-style="padding-left:0px; padding-right:0px;font-size:12px !important;"> <!--start of DATA-->

                    <table class="table  table-condensed" t-attf-style="color:{{o.text_color}};">
                        <thead t-attf-style="background-color:{{o.theme_color}}; page-break-inside: avoid; color:{{o.theme_txt_color}};">
                            <tr t-attf-style="page-break-inside: avoid !important; border-bottom: 1px solid {{o.text_color}} !important;">
                                <th t-attf-style="border-bottom: 1px solid {{o.text_color}} !important;">No.</th>
                                <th class="text-right"
                                    t-attf-style="border-bottom: 1px solid {{o.text_color}} !important;">Quantity
                                </th>
                                <th t-attf-style="border-bottom: 1px solid {{o.text_color}} !important;">Description
                                </th>
                                <th class="text-right"
                                    t-attf-style="border-bottom: 1px solid {{o.text_color}} !important;">Unit Price
                                </th>
                                <th class="text-right"
                                    t-attf-style="border-bottom: 1px solid {{o.text_color}} !important;"
                                    groups="sale.group_discount_per_so_line">Discount(%)
                                </th>
                                <th class="text-right"
                                    t-attf-style="border-bottom: 1px solid {{o.text_color}} !important;">Taxes
                                </th>
                                <th class="text-right"
                                    t-attf-style="border-bottom: 1px solid {{o.text_color}} !important;">Amount
                                </th>
                            </tr>
                        </thead>
                        <tbody>
                            <t t-foreach="o.invoice_line_ids" t-as="l">
                                <tr t-attf-style="background-color:{{o.odd if l_parity in 'odd' else o.even}}; page-break-inside: avoid !important;">
                                    <td>
                                        <span t-esc="l_index + 1"/>
                                    </td>
                                    <td class="text-right">
                                        <span t-field="l.quantity"/>
                                        <span t-field="l.uom_id" groups="product.group_uom"/>
                                    </td>
                                    <td>
                                        <span t-field="l.name"/>
                                    </td>

                                    <td class="text-right">
                                        <span t-field="l.price_unit"/>
                                    </td>
                                    <td class="text-right" groups="sale.group_discount_per_so_line">
                                        <span t-field="l.discount"/>
                                    </td>
                                    <td class="text-right">
                                        <span t-field="l.tax_amount"/>
                                    </td>
                                    <td class="text-right">
                                        <span t-field="l.price_subtotal"/>
                                    </td>
                                </tr>
                            </t>
                        </tbody>
                    </table>

                </div><!--End of DATA-->
                <div class="col-xs-12" style="padding-left:0px; padding-right:0px;">
                    <div class="col-xs-12 pull-right"
                         style="padding-left:0px; padding-right:0px; page-break-inside: avoid !important;">
                        <table class="table table-condensed" t-attf-style="color:{{o.text_color}};">
                            <tbody>
                                <tr t-attf-style="border-top: 1px solid {{o.text_color}};">
                                    <td rowspan="4"
                                        t-attf-style="border:1px solid {{o.text_color}}; width:40%; text-align:center;">
                                        <h3 style="margin-bottom:20px;">
                                            VAT INVOICE
                                        </h3>
                                        <strong>
                                            <span t-if="o.state == 'paid'"
                                                  class="label label-info orders_label_text_align">
                                                <i class="fa fa-fw fa-check"/>
                                                Paid
                                            </span>
                                            <span t-if="o.state != 'paid'"
                                                  class="label label-info orders_label_text_align">
                                                <i class="fa fa-fw fa-clock-o"/>
                                                Uncleared
                                            </span>
                                        </strong>

                                    </td>
                                    <td t-attf-style="border-top: 1px solid {{o.text_color}} !important;">
                                        <strong>Total Excluding Taxes</strong>
                                    </td>
                                    <td class="text-right"
                                        t-attf-style="border-top: 1px solid {{o.text_color}} !important;">
                                        <span t-field="o.amount_untaxed"/>
                                    </td>
                                </tr>
                                <tr t-if="o.total_discount">
                                    <td>Discount</td>
                                    <td class="text-right">
                                        <span t-field="o.total_discount"/>
                                    </td>
                                </tr>
                                <tr>
                                    <td>Taxes</td>
                                    <td class="text-right">
                                        <span t-field="o.amount_tax"/>
                                    </td>
                                </tr>
                                <tr t-attf-style="border-bottom: 1px solid {{o.text_color}};">
                                    <td t-attf-style="border-top: 1px solid {{o.text_color}} !important;">
                                        <strong>Total</strong>
                                    </td>
                                    <td class="text-right"
                                        t-attf-style="border-top: 1px solid {{o.text_color}} !important;">
                                        <strong>
                                            <span style="font-weight:bold; text-decoration:underline;"
                                                  t-field="o.amount_total"/>
                                        </strong>
                                    </td>
                                </tr>
                                <tr t-attf-style="border-bottom: 1px solid {{o.text_color}};">
                                    <td t-attf-style="border-top: 1px solid {{o.text_color}} !important;">
                                        <strong>Amount Due</strong>
                                    </td>
                                    <td class="text-right"
                                        t-attf-style="border-top: 1px solid {{o.text_color}} !important;">
                                        <strong>
                                            <span style="font-weight:bold;" t-field="o.residual"/>
                                        </strong>
                                    </td>
                                </tr>

                            </tbody>
                        </table>
                    </div>
                </div>
                <div class="col-xs-12"
                     style="padding-left:0px; padding-right:0px; page-break-inside: avoid ! important;">
                    <div style="width:100%; height:60px; ">
                        Adopted this Invoice to the sum of (in words):
                        <span style="color:#f0f0f0">
                            ____________________________________________________________________
                        </span>
                    </div>
                </div>
                <!--PAYMENT INFO-->
                <div class="col-xs-12" style="padding-left:0px; padding-right:0px;">
                    <t t-set="payments" t-value="json.loads(o.payments_widget)"/>
                    <p t-if="payments">
                        <strong>Payment Information:</strong>
                    </p>
                    <div t-if="payments" class="col-xs-7 pull-left"
                         style="padding-left:0px; padding-right:0px; page-break-inside: avoid !important;">
                        <table class="table table-condensed" t-attf-style="color:{{o.text_color}};">

                            <thead t-attf-style="background-color:{{o.theme_color}}; page-break-inside: avoid; color:{{o.theme_txt_color}};">
                                <tr t-attf-style="page-break-inside: avoid !important; border-bottom: 1px solid {{o.text_color}} !important;">
                                    <th t-attf-style="border-bottom: 1px solid {{o.text_color}} !important;">No.</th>
                                    <th t-attf-style="border-bottom: 1px solid {{o.text_color}} !important;">Date</th>
                                    <th t-attf-style="border-bottom: 1px solid {{o.text_color}} !important;">Method</th>
                                    <th t-attf-style="border-bottom: 1px solid {{o.text_color}} !important;">Ref.</th>
                                    <th class="text-right"
                                        t-attf-style="border-bottom: 1px solid {{o.text_color}} !important;">Amount
                                    </th>
                                </tr>
                            </thead>

                            <tbody>
                                <t t-foreach="payments['content']" t-as="p">
                                    <tr t-attf-style="background-color:{{o.odd if p_parity in 'odd' else o.even}}; page-break-inside: avoid !important;">
                                        <td>
                                            <span t-esc="p_index + 1"/>
                                        </td>
                                        <td>
                                            <span t-esc="p['date']"/>
                                        </td>
                                        <td>
                                            <span t-esc="p['journal_name']"/>
                                        </td>
                                        <td>
                                            <span t-esc="p['ref']"/>
                                        </td>
                                        <td class="text-right">
                                            <span t-esc="'{:,.2f} {}'.format(p['amount'], p['currency']) if p['position'] == 'after'
                                else '{} {:,.2f}'.format(p['currency'], p['amount'])"/>
                                        </td>
                                    </tr>
                                </t>
                            </tbody>
                        </table>
                    </div>
                </div>
                <!--END PAYMENT INFO -->

            </div><!--End of PAGE-->
            <div class="footer col-xs-12"
                 t-attf-style="color:{{o.text_color}} !important; padding-left:0px; padding-right:0px;">
                <div class="text-center" t-attf-style="border-top: 1px solid {{o.text_color}};">
                    <ul t-if="not company.custom_footer" class="list-inline">
                        <li t-if="company.phone">
                            <span class="fa fa-phone-square fa-lg"/>
                            <span t-field="company.phone"/>
                        </li>
                        <li t-if="company.fax and company.phone">&amp;bull;</li>
                        <li t-if="company.fax">
                            <span class="fa fa-phone-square fa-lg"/>
                            <span t-field="company.fax"/>
                        </li>
                        <li t-if="company.email">&amp;bull;</li>
                        <li t-if="company.email">
                            <span class="fa fa-envelope-o fa-lg"/>
                            <span t-field="company.email"/>
                        </li>
                        <li t-if="company.website">&amp;bull;</li>
                        <li t-if="company.website">
                            <span class="fa fa-globe fa-lg"/>
                            <span t-field="company.website"/>
                        </li>
                    </ul>
                    <t t-if="company.custom_footer">
                        <span t-raw="company.rml_footer"/>
                    </t>

                    <ul class="list-inline">
                        <li>Page:</li>
                        <li>
                            <span class="page"/>
                        </li>
                        <li>/</li>
                        <li>
                            <span class="topage"/>
                        </li>
                    </ul>
                </div>
            </div><!--End of FOOTER-->
        </template>
        <template id="INVOICE_4_duplicate" inherit_id="INVOICE_4_document" primary="True" name="TVA Duplicate">
            <xpath expr="//h4[@id='title']" position="replace">
                <h4>
                    <span>Duplicate#</span>
                    <span t-field="o.number"/>
                </h4>
            </xpath>
        </template>
    </data>
</openerp>
