<?xml version="1.0" encoding="utf-8"?>
<openerp>
    <data>
        <template id="rfq">
            <t t-call="report.html_container">
                <t t-foreach="docs" t-as="o">
                    <t t-call="{{o.templ_rfq_id.key}}" t-lang="o.partner_id.lang"/>
                </t>
            </t>
        </template>
        <!--<template id="my_duplicate">
            <t t-call="report.html_container">
                <t t-foreach="docs" t-as="o">
            <t t-call="{{o.templ_id.key.replace('document', 'duplicate')}}" t-lang="o.partner_id.lang"/>
             </t>
            </t>
        </template> -->

        <!--<template id="web_portal_invoices" inherit_id="website_portal_sale.invoices" name="Invoices and Payments Inherited">
            <xpath expr="//td//a[contains(@t-att-href, '/report/pdf/account.report_invoice/')]" position="replace">
                <a t-att-href="'/report/pdf/ncf_professional_templates.report_invoice/'+str(invoice.id)"><t t-esc="invoice.number"/></a>
            </xpath>
        </template>-->
        <!--<template id="web_portal_orders_followup" inherit_id="website_portal_sale.orders_followup" name="Sales Order Inherited">
            <xpath expr="//t[@t-set= 'report_url']" position="replace">
                <t t-set="report_url" t-value="'/report/pdf/ncf_professional_templates.report_invoice/%s' % i.id"/>
            </xpath>
        </template>-->
    </data>
</openerp>
