<?xml version="1.0" encoding="utf-8"?>
<openerp>
    <data>
        <template id="RFQ_2_document" name="Classic Template">
            <!-- Multicompany -->
            <t t-if="o and 'company_id' in o">
                <t t-set="company" t-value="o.company_id"></t>
            </t>
            <t t-if="not o or not 'company_id' in o">
                <t t-set="company" t-value="res_company"></t>
            </t>
            <div class="header col-xs-12"
                 t-attf-style="padding-bottom:0px; padding-left:0px; padding-right:0px; color:{{o.text_color}} !important;">
                <div class="col-xs-4" style="padding-bottom:10px;">
                    <span t-if="o.rfq_logo">
                        <span itemprop="image" t-field="o.rfq_logo"
                              t-field-options='{"widget": "image", "style": "max-height:100px"}'/>
                    </span>
                    <span t-if="not o.rfq_logo and company.invoice_logo">
                        <span itemprop="image" t-field="company.invoice_logo"
                              t-field-options='{"widget": "image", "style": "max-height:100px"}'/>
                    </span>
                    <span t-if="not o.rfq_logo and not company.invoice_logo and company.logo">
                        <span itemprop="image" t-field="company.logo"
                              t-field-options='{"widget": "image", "style": "max-height:100px"}'/>
                    </span>
                    <span t-if="not o.rfq_logo and not company.logo and not company.invoice_logo">
                        <span itemprop="image" t-field="company.logo"
                              t-field-options='{"widget": "image", "style": "max-height:100px"}'/>
                    </span>
                </div>


                <div class="col-xs-8">
                    <div class="col-xs-6 mb8" style="font-size:12px !important; padding-bottom:2px;">
                        <h4 class="" t-field="company.name" t-attf-style="color:{{o.name_color}}"/>
                        <div t-if="company.street or company.street2 or company.zip">
                            <span class="fa fa-map-marker fa-lg"/>
                            <span t-field="company.street"/>
                            <span t-if="company.street and company.street2">,</span>
                            <span t-field="company.street2"/>
                            <span t-if="company.zip and (company.street or company.street2)">,</span>
                            <span t-if="company.zip">zip:
                                <span t-field="company.zip"/>
                            </span>
                            <span t-if="company.cityt" t-field="company.city"/>
                            <span t-if="company.city and company.country_id">,</span>
                            <span t-if="company.country_id" t-field="company.country_id"/>

                        </div>
                    </div>
                    <div class="col-xs-6 mb8" style="font-size:12px !important; padding-bottom:2px;">
                        <div t-if="company.phone or company.fax"><span class="fa fa-phone-square fa-lg"/>&#160;
                            <span t-field="company.phone"/>
                            <span t-if="company.phone and company.fax">,</span>
                            <span t-if="company.fax">Fax:</span>
                            <span t-field="company.fax"/>
                        </div>
                        <div t-if="company.email">
                            <span class="fa fa-envelope-square fa-lg"/>&#160;
                            <span t-field="company.email"/>
                        </div>
                        <div t-if="company.website">
                            <span class="fa fa-globe fa-lg"/>&#160;
                            <span t-field="company.website"/>
                        </div>
                        <div t-if="company.vat">
                            <span class="fa fa-building fa-lg"/>&#160; Tax ID:
                            <span t-field="company.vat"/>
                        </div>
                    </div>
                </div>

                <div t-if="company.twitter or company.facebook or company.googleplus" t-attf-style="background-color:{{o.theme_color}}; width:auto; float:left; padding-left:15px; color:{{o.theme_txt_color}};
				   padding-right:15px; padding-top:2px; padding-bottom:2px;" class="col-xs-12">
                    <span t-if="company.twitter" style="padding-left:0px;" class="fa fa-twitter-square fa-lg"/>
                    &#160;
                    <span t-field="company.twitter"/>
                    <span t-if="company.facebook" style="padding-left:13px;" class="fa fa-facebook-square fa-lg"/>
                    &#160;
                    <span t-field="company.facebook"/>
                    <span t-if="company.googleplus" style="padding-left:13px;"
                          class="fa fa-google-plus-square fa-lg"/>
                    &#160;
                    <span t-field="company.googleplus"/>
                    &#160;
                    <span t-if="company.rml_header1" t-field="company.rml_header1"/>

                </div>
            </div> <!--end of Header-->
            <!-- START OF PAGE -->
            <div class="page col-xs-12"
                 t-attf-style="margin-top:0px; padding-top:5px; padding-left:0px; padding-right:0px; color:{{o.text_color}} !important;">
                <div class="col-xs-12" t-attf-style="margin-top:0px;padding-top:0px;padding-left:0px;padding-right:0px;color:{{o.theme_txt_color}}
			!important;background-color:{{o.theme_color}} !important;">
                    <div class="col-xs-12">
                        <h3>
                            <span>Request for Quotation #</span>
                            <span t-field="o.name"/>
                        </h3>
                    </div>
                </div>

                <div class="col-xs-12"
                     style="padding-left:0px; padding-right:0px; padding-bottom:15px; padding-top:20px;"><!--start of wrapper -->
                    <div class="col-xs-6 pull-left" style="font-size:12px !important;">
                        <div class="pull-left" style="padding-top:5px; padding-bottom:0px; width:100%;">
                            <span style="font-size:18px; font-weight:bold;">
                                Vendor Address:
                            </span>
                        </div>
                        <div class="pull-left" style="widht:100%;">
                            <h4 t-if="o.partner_id"
                                t-attf-style="color:{{o.cust_color}}; margin-top:2px; margin-bottom:5px; margin-left:0px;">
                                <span t-if="o.partner_id.title" t-field="o.partner_id.title"/>
                                <span t-field="o.partner_id"/>
                            </h4>
                            <div t-if="o.partner_id.street or o.partner_id.street2 or o.partner_id.zip">
                                <span class="fa fa-map-marker fa-lg"/>
                                &#160;&#160;
                                <span t-field="o.partner_id.street"/>
                                <span t-if="o.partner_id.street and o.partner_id.street2 ">,</span>
                                <span t-field="o.partner_id.street2"/>
                                <span t-if="o.partner_id.zip and o.partner_id.street
						or o.partner_id.street2 ">,
                                </span>
                                <span t-field="o.partner_id.zip"/>
                            </div>
                            <div t-if="o.partner_id.city or o.partner_id.country_id">
                                <span class="fa fa-map-marker fa-lg"/>
                                &#160;&#160;
                                <span t-field="o.partner_id.city"/>
                                <span t-if="o.partner_id.country_id and o.partner_id.city ">,</span>
                                <span t-field="o.partner_id.country_id"/>
                            </div>
                            <div t-if="o.partner_id.phone or o.partner_id.mobile">
                                <span class="fa fa-phone-square fa-lg"/>
                                <span t-field="o.partner_id.phone"/>
                                <span t-if="o.partner_id.mobile and o.partner_id.phone ">,</span>
                                <span t-field="o.partner_id.mobile"/>
                            </div>
                            <div t-if="o.partner_id.email">
                                <span class="fa fa-envelope-square fa-lg"/>
                                <span t-field="o.partner_id.email"/>
                            </div>
                            <div t-if="o.partner_id.website">
                                <span class="fa fa-globe fa-lg"/>
                                <span t-field="o.partner_id.website"/>
                            </div>
                            <div t-if="o.partner_id.vat">
                                <span class="fa fa-calendar fa-lg"/>
                                VAT:
                                <span t-field="o.partner_id.vat"/>
                            </div>
                        </div>
                    </div>
                    <div class="col-xs-6 pull-right" style="font-size:12px !important;">
                        <div class="pull-right"
                             style="text-align:right; padding-top:5px; padding-bottom:0px; width:100%;">
                            <span style="font-size:18px; font-weight:bold;">
                                Shipping Address:
                            </span>
                        </div>
                        <div t-if="o.dest_address_id" class="text-right">
                            <div t-field="o.dest_address_id"
                                 t-field-options='{"widget": "contact", "fields": ["address", "name", "phone", "fax"], "no_marker": true, "phone_icons": true}'/>
                        </div>

                        <div t-if="not o.dest_address_id and o.picking_type_id and o.picking_type_id.warehouse_id"
                             class="text-right">
                            <span t-field="o.picking_type_id.warehouse_id.name"/>
                            <div t-field="o.picking_type_id.warehouse_id.partner_id"
                                 t-field-options='{"widget": "contact", "fields": ["address", "phone", "fax"], "no_marker": true, "phone_icons": true}'/>
                        </div>

                    </div>

                </div> <!--end of wrapper2-->
                <div class="col-xs-12 mt8 mb8" t-attf-style="padding-left:0px; padding-right:0px;"> <!--start of DATA-->
                    <table class="table  table-condensed" t-attf-style="color:{{o.text_color}};">
                        <thead t-attf-style="background-color:{{o.theme_color}}; page-break-inside: avoid; color:{{o.theme_txt_color}};">
                            <tr t-attf-style="page-break-inside: avoid !important; border-bottom: 1px solid {{o.text_color}} !important;">
                                <th t-attf-style="border-bottom: 1px solid {{o.text_color}} !important;">#</th>
                                <th t-attf-style="border-bottom: 1px solid {{o.text_color}} !important;">Description
                                </th>
                                <th class="text-center"
                                    t-attf-style="border-bottom: 1px solid {{o.text_color}} !important;">Expected Date
                                </th>
                                <th class="text-right"
                                    t-attf-style="border-bottom: 1px solid {{o.text_color}} !important;">Quantity
                                </th>
                            </tr>
                        </thead>
                        <tbody>
                            <t t-foreach="o.order_line" t-as="line">
                                <tr t-attf-style="background-color:{{o.odd if line_parity in 'odd' else o.even}}; page-break-inside: avoid !important;">
                                    <td>
                                        <span t-esc="line_index + 1"/>
                                    </td>
                                    <td>
                                        <span t-field="line.name"/>
                                    </td>
                                    <td class="text-center">
                                        <span t-field="line.date_planned"/>
                                    </td>
                                    <td class="text-right">
                                        <span t-field="line.product_qty"/>
                                        <span t-field="line.product_uom" groups="product.group_uom"/>
                                    </td>
                                </tr>
                            </t>
                        </tbody>
                    </table>

                </div><!--End of DATA-->
                <div class="col-xs-12 pull-left"
                     style="padding-left:0px; padding-right:0px; page-break-inside: avoid ! important;">
                    <p t-if="o.notes">
                        <span t-field="o.notes"/>
                    </p>
                    <div class="oe_structure"/>
                </div>
            </div><!--End of PAGE-->
            <div class="footer col-xs-12"
                 t-attf-style="color:{{o.text_color}} !important; padding-left:0px; padding-right:0px;">
                <div class="text-center" t-attf-style="border-top: 1px solid {{o.text_color}};">
                    <ul t-if="not company.custom_footer" class="list-inline">
                        <li t-if="company.phone">
                            <span class="fa fa-phone-square fa-lg"/>
                            <span t-field="company.phone"/>
                        </li>
                        <li t-if="company.fax and company.phone">&amp;bull;</li>
                        <li t-if="company.fax">
                            <span class="fa fa-phone-square fa-lg"/>
                            <span t-field="company.fax"/>
                        </li>
                        <li t-if="company.email">&amp;bull;</li>
                        <li t-if="company.email">
                            <span class="fa fa-envelope-o fa-lg"/>
                            <span t-field="company.email"/>
                        </li>
                        <li t-if="company.website">&amp;bull;</li>
                        <li t-if="company.website">
                            <span class="fa fa-globe fa-lg"/>
                            <span t-field="company.website"/>
                        </li>
                    </ul>
                    <t t-if="company.custom_footer">
                        <span t-raw="company.rml_footer"/>
                    </t>

                    <ul class="list-inline">
                        <li>Page:</li>
                        <li>
                            <span class="page"/>
                        </li>
                        <li>/</li>
                        <li>
                            <span class="topage"/>
                        </li>
                    </ul>
                </div>
            </div><!--End of FOOTER-->
        </template>
    </data>
</openerp>
