<?xml version="1.0" encoding="utf-8"?>
<openerp>
    <data>
        <record id="view_rfq_inherit_customized" model="ir.ui.view">
            <field name="name">RFQ.customized</field>
            <field name="model">purchase.order</field>
            <field name="inherit_id" ref="purchase.purchase_order_form"/>
            <field name="arch" type="xml">
                <xpath expr="//field[@name='date_order']" position="after">
                    <field name="templ_rfq_id" attrs="{'invisible': [('state','not in',('draft','sent','bid'))]}" groups="base.group_no_one"/>
                </xpath>
            </field>
        </record>
        <record id="view_rfq_inherit_po" model="ir.ui.view">
            <field name="name">RFQ.customized.PO</field>
            <field name="model">purchase.order</field>
            <field name="inherit_id" ref="ncf_professional_templates.purchase_order_inherited_customized"/>
            <field name="arch" type="xml">
                <xpath expr="//field[@name='odd']" position="before">
                    <field name="rfq_logo" attrs="{'invisible': [('state','not in',('draft','sent','bid'))]}"
                           widget="image"
                           class="oe_avatar" string="RFQ Logo"/>
                </xpath>
            </field>
        </record>
        <record id="purchase.report_purchasequotation_document" model="ir.ui.view">
            <field name="name">Odoo Template</field>
        </record>
    </data>
</openerp>

